,name,meta_description,tags,regular_price,$oid,category_id_$oid,m_name
0,KCD 한방내과 진찰진단 가이드라인,진료에 어려움 있을 때 먼저 찾는 책,['가온해미디어'],150000,5d13115e32026c0b35383897,5cf8bbba0098b2225c5dfaa3,전문서적
1,우리 아이 감기,약물남용과 과잉치료가 없는 새로운 감기 진료를 목표로,['물고기숲'],19800,5d9edfe70dabe405b156e213,5cf8bbba0098b2225c5dfaa3,전문서적
2,통증치료를 위한 신경초음파와 하이드로다이섹션 테크닉,하이드로다이섹션: 포도당을 이용한 신경의 유착박리와 신경주변 환경개선,['메디안북'],190000,5e3cb2904267e105dfff13b3,5cf8bbba0098b2225c5dfaa3,전문서적
3,의사들이 꼭 알고 있어야 하는 응급의학 실전지침서(1-2),,['메디안북'],130000,5e3d06b64267e105dfff13e0,5cf8bbba0098b2225c5dfaa3,전문서적
4,복부 초음파 정석,정확한 복부초음파를 위한 필독서,['메디안북'],60000,5e3d0da94267e105dfff13ed,5cf8bbba0098b2225c5dfaa3,전문서적
5,최소침습 안면리프팅,안면부 지방이식과 거상술,['메디안북'],70000,5e3d10ed4267e105dfff13f1,5cf8bbba0098b2225c5dfaa3,전문서적
6,사상임상약물대전,사상의학에 본초학을 더하다,['물고기숲'],80000,5e425e674267e105dfff1856,5cf8bbba0098b2225c5dfaa3,전문서적
7,통증의학을 위한 근골격계초음파 해부학,삽화로 보는 초음파 유도 하 신경차단술,['메디안북'],80000,5e3d083c4267e105dfff13e3,5cf8bbba0098b2225c5dfaa3,전문서적
8,통증진단의 정석,통증의 이학적 검사와 진단법,['메디안북'],70000,5e3d189d4267e105dfff13f2,5cf8bbba0098b2225c5dfaa3,전문서적
9,동씨침법입문 2판,임상에서 활용할 수 있는 핵심 내용,['물고기숲'],40000,5e40cbc04267e105dfff155c,5cf8bbba0098b2225c5dfaa3,전문서적
10,한의학치료 368증례,大塚敬節의 마지막 내제자에게 배우는 임상경험방,['물고기숲'],60000,5e40dab74267e105dfff1566,5cf8bbba0098b2225c5dfaa3,전문서적
11,호희서 상한론강의,현대중국 상한학의 대가 후시수 교수의 마지막 강의,['물고기숲'],60000,5e4244c74267e105dfff1832,5cf8bbba0098b2225c5dfaa3,전문서적
12,SMART 일차진료매뉴얼,일차진료 매뉴얼의 베스트셀러,[],180000,5d9ff4170dabe405b156e45c,5cf8bbba0098b2225c5dfaa3,전문서적
13,보험한약 브런치 the # 2판 개정판,34명 원장님들의 보험한약 에세이,['군자출판사'],25000,5db8d6140dabe405b156f856,5cf8bbba0098b2225c5dfaa3,전문서적
14,스마트 소아진료매뉴얼 절판 되었습니다.,소아진료의 표준,[],90000,5db0f7090dabe405b156f2a5,5cf8bbba0098b2225c5dfaa3,전문서적
15,미안침,미안율과 해부기능에서 접근한 치료법,['물고기숲'],38000,5e4214414267e105dfff17b4,5cf8bbba0098b2225c5dfaa3,전문서적
16,핸즈온 허리,근골격계 질환의 생역학적 진단과 치료,['물고기숲'],60000,5e425db84267e105dfff1855,5cf8bbba0098b2225c5dfaa3,전문서적
17,등중갑 방제학강의,현대 중국 방제학의 최고 권위자,['물고기숲'],85000,5ddf84182bb59605ca3d0afe,5cf8bbba0098b2225c5dfaa3,전문서적
18,비뇨기질환의 한방치료,일차진료의를 위한 쉽고 효과적인 진단과 치료 가이드,['물고기숲'],40000,5e1ec0fe4267e105dfff0942,5cf8bbba0098b2225c5dfaa3,전문서적
19,The 정형내과(The Orthopaedic Medicine),외래에서 마주치는 근골격계 질환 치료,['메디안북'],60000,5e3d02de4267e105dfff13dd,5cf8bbba0098b2225c5dfaa3,전문서적
20,요가해부학,해부학으로 살펴본 요가 동작,['메디안북'],26000,5e3d0f614267e105dfff13ef,5cf8bbba0098b2225c5dfaa3,전문서적
21,도설본초문답,"당종해 선생, 생태가 약성으로 나타는 본초를 해설하다",['물고기숲'],45000,5e40d6ea4267e105dfff1564,5cf8bbba0098b2225c5dfaa3,전문서적
22,면역학강의,면역학이 묻고 한의학이 답하다,['물고기숲'],50000,5e42118d4267e105dfff17b0,5cf8bbba0098b2225c5dfaa3,전문서적
23,생태본초,자연에서 살아남기 위한 노력이 약효다,['물고기숲'],85000,5e42421d4267e105dfff182b,5cf8bbba0098b2225c5dfaa3,전문서적
24,학만산 상한론강의,현대중국 상한학의 하오완산 교수의 강의록,['물고기숲'],55000,5e4243794267e105dfff1830,5cf8bbba0098b2225c5dfaa3,전문서적
25,대학경락경혈학총론 & 대학경락경혈학실습,경락경혈학의 교본,['종려나무'],214000,5dca53e32bb59605ca3cfc6b,5cf8bbba0098b2225c5dfaa3,전문서적
26,플로차트 한약치료,쉬운 한약 처방을 위한 입문서,['청홍'],17700,5d78491b19efa30eb29143cc,5cf8bbba0098b2225c5dfaa3,전문서적
27,한방피부진료레슨,피부과 제너럴리스트를 위해,['물고기숲'],48000,5dd397592bb59605ca3d01ea,5cf8bbba0098b2225c5dfaa3,전문서적
28,한의 피부진료 첫 걸음,피부질환 기초 지침서,['군자출판사'],40000,5dedb5e04267e105dffeef43,5cf8bbba0098b2225c5dfaa3,전문서적
29,말초신경 약침의학,약침의학과 말초신경포착을 설명한 서적,['가온해미디어'],47000,5e31324b4267e105dfff0e37,5cf8bbba0098b2225c5dfaa3,전문서적
30,내과전공의 복부초음파,증례로 살펴보는 복부초음파,['메디안북'],80000,5e3d0be84267e105dfff13ea,5cf8bbba0098b2225c5dfaa3,전문서적
31,통증초음파 실전 22례,지금 바로 외래에서 사용하는 통증초음파,['메디안북'],75000,5e3d1d8d4267e105dfff13f3,5cf8bbba0098b2225c5dfaa3,전문서적
32,Medical acupuncture '침의 과학적 접근과 임상활용' ,침의 효과와 기전이 궁금하다면,['한미의학'],75000,5d784bac19efa30eb29143d0,5cf8bbba0098b2225c5dfaa3,전문서적
33,Kendall 자세와 통증치료에 있어서 근육의 기능과 검사 5판,근육 평가의 표준 교재,['한미의학'],60000,5d930c1a0dabe405b156d610,5cf8bbba0098b2225c5dfaa3,전문서적
34,통증치료를 위한 알기 쉬운 근골격계 이학적 검사법,이학적검사를 근거중심으로 공부할 때 추천하는 책,['메디안북'],60000,5d96811f0dabe405b156d83a,5cf8bbba0098b2225c5dfaa3,전문서적
35,"藥徵, 약의 징표",상한론 금궤요략 古方의 제작원리를 밝히다,"['상한론', '물고기숲']",75000,5d9edd880dabe405b156e20f,5cf8bbba0098b2225c5dfaa3,전문서적
36,"유시민의 글쓰기, 박종인의 기자의 글쓰기",글쓰기를 잘하고 싶다면,[],30000,5dba38770dabe405b156f991,5cf8bbba0098b2225c5dfaa3,일반
37,근골격계 초음파 정석(Musculoskeletal Ultrasound),올바른 「진단」 이 적절한 「치료」 로 이어집니다,['메디안북'],70000,5e3cfd1e4267e105dfff13d9,5cf8bbba0098b2225c5dfaa3,전문서적
38,귤창서영,물오약실방함구결과 함께 읽는 아사다 소하쿠 치험록,['물고기숲'],60000,5e40ddc64267e105dfff1570,5cf8bbba0098b2225c5dfaa3,전문서적
39,"근골격계 질환의 진단 및 재활치료, 4판",스포츠 재활 전문가들의 필독서,['한미의학'],70000,5d784e1719efa30eb29143d1,5cf8bbba0098b2225c5dfaa3,전문서적
40,Cyriax 정형의학 3판,"연부조직진단, 기능의학의 시작",['한미의학'],155000,5d7852c519efa30eb29143d3,5cf8bbba0098b2225c5dfaa3,전문서적
41,척추통증_움직임 문제 (Back Pain: A Movement Problem_A clinical approach incorporating relevant research and practice),통합된 계로 바라본 척추통증과 움직임,['메디안북'],70000,5e3d01994267e105dfff13dc,5cf8bbba0098b2225c5dfaa3,전문서적
42,비수술정형외과,근골격계 질환의 비수술·저침습·도수 치료,['물고기숲'],65000,5e4242be4267e105dfff182c,5cf8bbba0098b2225c5dfaa3,전문서적
43,갑상선 경부의 초음파 진단,한권으로 완성하는 경부 영역 초음파 영상,['메디안북'],60000,5e3d093b4267e105dfff13e4,5cf8bbba0098b2225c5dfaa3,전문서적
44,맥학심오 강의,알기 쉬운 10단계 맥진법,['물고기숲'],30000,5e40d9f24267e105dfff1565,5cf8bbba0098b2225c5dfaa3,전문서적
45,호희서 금궤요략강의,상한학의 대가 후시수 교수의 마지막 강의,['물고기숲'],50000,5e42133a4267e105dfff17b1,5cf8bbba0098b2225c5dfaa3,전문서적
46,NEO 인턴 핸드북,임상 공부할 때 휴대하고 다니는 책,['군자출판사'],50000,5d77b31f19efa30eb29143c9,5cf8bbba0098b2225c5dfaa3,전문서적
47,그림과 사진으로 보는 질환별 통증치료 Essential,질환별 통증치료,['가온해미디어'],95000,5dc388aa2bb59605ca3cf794,5cf8bbba0098b2225c5dfaa3,전문서적
48,유도주 상한론강의 2권,상한론 완전체 강의,"['상한론', '물고기숲']",50000,5df720784267e105dffef934,5cf8bbba0098b2225c5dfaa3,전문서적
49,턱관절균형요법,턱관절을 이용한 전신치료의학,['물고기숲'],190000,5e42455e4267e105dfff1833,5cf8bbba0098b2225c5dfaa3,전문서적
50,개원의를 위한 통증사냥법,통증사냥법,['군자출판사'],150000,5d78505019efa30eb29143d2,5cf8bbba0098b2225c5dfaa3,전문서적
51,"마케팅, 브랜딩 도서 패키지 [마케터의 일 & 창업가의 브랜딩]",배민과 퍼블리의 성공 비결,[],29000,5dca720f2bb59605ca3cfc86,5cf8bbba0098b2225c5dfaa3,경영
52,동의보감 약선,동의보감 탕액편에서 전통음식의 쓰임새를 찾다,['물고기숲'],198000,5e40cd434267e105dfff155e,5cf8bbba0098b2225c5dfaa3,전문서적
53,의문봉갈,섭천사의 의안에서 체질의 단서를 찾다,['물고기숲'],80000,5e4245f24267e105dfff1834,5cf8bbba0098b2225c5dfaa3,전문서적
54,통증치료를 위한 근육 초음파와 주사 테크닉,초음파로 정확하게 자침하는 법,['메디안북'],190000,5d5373e94e77525ec5ca1135,5cf8bbba0098b2225c5dfaa3,전문서적
55,경영 도서 패키지 [레이 달리오 '원칙' & 권오현 '초격차' & 이나모리 가즈오 '왜 사업하는가'],Medistream Book Curation,[],67000,5d8827760dabe405b156d461,5cf8bbba0098b2225c5dfaa3,경영
56,통증의학 5판,통증의 바이블,['군자출판사'],150000,5de8933a4267e105dffeeca9,5cf8bbba0098b2225c5dfaa3,전문서적
57,병의원급 외래에서의 진단과 치료 및 시술제요,개원의가 알아야 하는 처방 및 처치,[],160000,5e3d0cbb4267e105dfff13ec,5cf8bbba0098b2225c5dfaa3,전문서적
58,주인강 피부외과의안,피부병명에 따른 한의학 치료의 가이드라인,['물고기숲'],40000,5e4216cd4267e105dfff17bc,5cf8bbba0098b2225c5dfaa3,전문서적
59,소문현기원병식,표점현토역주(標點懸吐譯注) ,['물고기숲'],40000,5e4244194267e105dfff1831,5cf8bbba0098b2225c5dfaa3,전문서적
60,노인요양병원 진료지침서,요양병원에서 일한다면 필독서,['군자출판사'],75000,5d132e964b25b80d9fb1f352,5cf8bbba0098b2225c5dfaa3,전문서적
61,근막시스템의 기능해부학,새로운 표준 해부학,['메디안북'],60000,5de4c8804267e105dffeea5a,5cf8bbba0098b2225c5dfaa3,전문서적
62,한방치료 44철칙,야마모토 이와오 선생에게 배우는 병태와 약물의 대응,['물고기숲'],45000,5e0032004267e105dffefd59,5cf8bbba0098b2225c5dfaa3,전문서적
63,증보운곡본초학,30년 본초학교수로서의 강의 내용 전부를 요약,[],150000,5e3d0bc94267e105dfff13e9,5cf8bbba0098b2225c5dfaa3,전문서적
64,소아피부질환해설,일차진료의를 위한 감별 진단과 치료 가이드,['물고기숲'],55000,5e4215f84267e105dfff17b9,5cf8bbba0098b2225c5dfaa3,전문서적
65,하루10분운동으로 100세 건강지키기,진료실에서 실천하는 바른 자세,['메디안북'],23000,5e425ef64267e105dfff1857,5cf8bbba0098b2225c5dfaa3,전문서적
66,정형의학에서의 신경학적 검진(Orthopaedic Neurology),척수와 신경근육 문제의 평가 매뉴얼,['메디안북'],45000,5e3d00964267e105dfff13db,5cf8bbba0098b2225c5dfaa3,전문서적
67,초음파를 이용한 말초신경차단,그림으로 배우는 초음파 유도 신경차단술,['메디안북'],55000,5e3d103a4267e105dfff13f0,5cf8bbba0098b2225c5dfaa3,전문서적
68,근삼침,三鍼 배혈법,['물고기숲'],40000,5e40cab84267e105dfff155b,5cf8bbba0098b2225c5dfaa3,전문서적
69,체질침의 해부학적 운용,경락과 해부학으로 재해석한 체질침,['물고기숲'],50000,5e40cc8b4267e105dfff155d,5cf8bbba0098b2225c5dfaa3,전문서적
70,병태생리 Visual map,가장 이해하기 쉬운 병태생리 책,['군자출판사'],125000,5d77b73619efa30eb29143ca,5cf8bbba0098b2225c5dfaa3,전문서적
71,기획자 도서 패키지 [나음보다 다름 & 지적자본론 & 넨도의 문제해결 연구소],잘 나가는 기획자들의 생각을 읽고 싶다면,[],44800,5da696740dabe405b156eb5c,5cf8bbba0098b2225c5dfaa3,전문서적
72,"극복정신 도서 패키지 [어느 날 400억 원의 빚을 진 남자 & 가자, 어디에도 없었던 방법으로]",Medistream book curation,[],29000,5df1f34c4267e105dffef7c9,5cf8bbba0098b2225c5dfaa3,전문서적
73,스테로이드,스테로이드의 A to Z,['메디안북'],35000,5e3d0e834267e105dfff13ee,5cf8bbba0098b2225c5dfaa3,전문서적
74,일차진료 한의사를 위한 보험한약입문 - 둘째 판,누구든 보험한약 쓸 때 참고하는 책,['군자출판사'],25000,5d59ee854e77525ec5ca1212,5cf8bbba0098b2225c5dfaa3,전문서적
75,병원도 사업이다,경영을 고민하시는 분들께 추천!,['바른미소'],20000,5d78540819efa30eb29143d4,5cf8bbba0098b2225c5dfaa3,전문서적
76,생산성 도서 패키지 [생산성 & 일 잘하는 사람은 단순하게 합니다],Medistream Book Curation,[],30000,5e0567144267e105dfff0105,5cf8bbba0098b2225c5dfaa3,경영
77,길익동동,독으로 상한론과 금궤요략을 보다,['물고기숲'],50000,5e40b4e54267e105dfff1544,5cf8bbba0098b2225c5dfaa3,전문서적
78,실용오수혈발휘,楊維傑의 40년 임상체득,['물고기숲'],90000,5e40c62d4267e105dfff1559,5cf8bbba0098b2225c5dfaa3,전문서적
79,피부질환의 한의학치료 57증례,진료기록부로 살펴보는 피부진료,['물고기숲'],35000,5e40dba04267e105dfff156a,5cf8bbba0098b2225c5dfaa3,전문서적
80,유경원 온병학강의,온병학 공부를 시작하시는 분들에게 추천합니다.,['물고기숲'],50000,5e4214f94267e105dfff17b8,5cf8bbba0098b2225c5dfaa3,전문서적
81,의학입문 맥학강의,맥으로 보는 한의학,['물고기숲'],80000,5e423fa84267e105dfff181d,5cf8bbba0098b2225c5dfaa3,전문서적
82,파킨슨병 한의진료,"진단 핵심과 표준약물 이해, 한의치료의 최신지견 ",['물고기숲'],35000,5e42406f4267e105dfff1824,5cf8bbba0098b2225c5dfaa3,전문서적
83,라리마건강법,체질의학 전문한의사의 발효건강 프로젝트,['물고기숲'],21000,5e42469b4267e105dfff1836,5cf8bbba0098b2225c5dfaa3,전문서적
84,유도주 상한론강의 1권,대가가 들려주는 상한론강의,"['상한론', '물고기숲']",65000,5ddc689c2bb59605ca3d0872,5cf8bbba0098b2225c5dfaa3,전문서적
85,근골격계 통증 및 질환에 대한 임상 시술제요,일차진료의를 위한 근골격격계 통증 시술,['메디안북'],120000,5e3d0a2f4267e105dfff13e6,5cf8bbba0098b2225c5dfaa3,전문서적
86,양유걸 일침요법 (楊維傑 一鍼療法),한의사를 위한 통증치료 임상침구서,['물고기숲'],60000,5e40c9ea4267e105dfff155a,5cf8bbba0098b2225c5dfaa3,전문서적
87,나가노식 치료,임상에 적용하기 쉬운 침치료 가이드,['물고기숲'],35000,5e4241204267e105dfff182a,5cf8bbba0098b2225c5dfaa3,전문서적
88,두침임상해부 MAP ,임상두침 입문자를 위한 안내서,['군자출판사'],35000,5e4b5a974267e105dfff1df8,5cf8bbba0098b2225c5dfaa3,전문서적
89,코로나19 한의임상진료,코로나19가 유행하는 시기에 코로나19를 다룬 한의 임상 서적,['물고기숲'],55000,5eddcedfe510ee503167c8af,5cf8bbba0098b2225c5dfaa3,전문서적
90,뉴만 Kinesiology 3판,뉴만 Kinesiology 3판,[],60000,5ec1e18de510ee503167a815,5cf8bbba0098b2225c5dfaa3,전문서적
91,경계 너머의 한방처방,조기호・권승원 편저,['물고기숲'],50000,5ef053ece510ee503167d19b,5cf8bbba0098b2225c5dfaa3,전문서적
92,정형외과초음파학,그림으로 따라하는 근골격계 초음파,['군자출판사'],100000,5f06a1f9221c8b5f77c8de3f,5cf8bbba0098b2225c5dfaa3,전문서적
93,이것만 알면 할 수 있는 치과한방치료,예진표를 활용한 안심처방,['군자출판사'],38000,5e4b72fd4267e105dfff1e13,5cf8bbba0098b2225c5dfaa3,전문서적
94,흉부영상진단X선,흉부영상의학 교과서,['군자출판사'],80000,5f06a1f7221c8b5f77c8de3e,5cf8bbba0098b2225c5dfaa3,전문서적
95,응급의학 실전지침서,꼭 알아야 하는 응급 처치,['메디안북'],130000,5e4a1d154267e105dfff1d54,5cf8bbba0098b2225c5dfaa3,전문서적
96,사암의 사고,임상 결과를 중심으로,['군자출판사'],50000,5e4b76724267e105dfff1e1c,5cf8bbba0098b2225c5dfaa3,전문서적
97,왕멘즈 방제학 강의,현대 중의방제학의 창시자가 풀어놓은 지혜와 임상경험의 결정,[],40000,5e818515bfe42609447845e6,5cf8bbba0098b2225c5dfaa3,전문서적
98,대학경락경혈학 각론(상하권),경혈 주치 안내서,['종려나무'],160000,5e8ebf1abfe42609447850c6,5cf8bbba0098b2225c5dfaa3,전문서적
99,혈맥약침,혈맥약침에 대해 전반적으로 이해하는 데 도움이 됩니다.,[],0,5ef4a051e510ee503167d5bd,5cf8bbba0098b2225c5dfaa3,전문서적
100,한방임상이야기 제2권,30년 공부의 결산 2편,['군자출판사'],28000,5e4b75214267e105dfff1e17,5cf8bbba0098b2225c5dfaa3,전문서적
101,경락상관론,경락으로 취료혈을 선정하는 방법,"['청홍', '지상사']",43000,5e4cb11d4267e105dfff1e8d,5cf8bbba0098b2225c5dfaa3,전문서적
102,한방처방정석,처방선정의 흐름을 읽자!,['가온해미디어'],53000,5e93e5d6bfe426094478533e,5cf8bbba0098b2225c5dfaa3,전문서적
103,사진으로 공부하는 이비인후과학,이비인후과 질환만으로 구성된 사진집,['군자출판사'],50000,5ea643ec1a3ca36b96784a07,5cf8bbba0098b2225c5dfaa3,전문서적
104,정골의학 핵심정리,미국 정골의학 의사 국가면허시험(COMLEX) 수험서,['척추신경추나의학회'],45000,5ecb7358e510ee503167b898,5cf8bbba0098b2225c5dfaa3,전문서적
105,열패혈증염증,이야기로 풀어보는 감염학 3,['군자출판사'],20000,5f06a1f5221c8b5f77c8de3a,5cf8bbba0098b2225c5dfaa3,전문서적
106,증례로 배우는 양한방 협진 암케어,62 증례로 접근하는 양한방 협진치료,['군자출판사'],25000,5e4b694b4267e105dfff1dfc,5cf8bbba0098b2225c5dfaa3,전문서적
107,경락도해,입체해부로 공부하는 경락경혈학,"['청홍', '지상사']",72000,5e4cadd84267e105dfff1e8a,5cf8bbba0098b2225c5dfaa3,전문서적
108,QBook: Case based Review,증례로 살펴보는 최신 지견,['바른의학연구소'],200000,5e9d478fbfe4260944785e62,5cf8bbba0098b2225c5dfaa3,전문서적
109,기본통증진료학,통증진료를 시작의  나침반,['바른의학연구소'],120000,5ea28a26f1c8cc684388d214,5cf8bbba0098b2225c5dfaa3,전문서적
110,근육뼈대계통 palpation road map 5판,근육뼈대계통 palpation road map 5판,[],45000,5ec1e190e510ee503167a817,5cf8bbba0098b2225c5dfaa3,전문서적
111,피부질환 임상아틀라스,"3,000점 이상 수록 도감",['군자출판사'],80000,5f06a1f6221c8b5f77c8de3b,5cf8bbba0098b2225c5dfaa3,전문서적
112,한약의 임상과 응용,30년 공부의 결산,['군자출판사'],150000,5e4b43fa4267e105dfff1de8,5cf8bbba0098b2225c5dfaa3,전문서적
113,사상의학[병증편],초심자와 전공자 모두에게 필요한 서적,['군자출판사'],48000,5e4b84684267e105dfff1e26,5cf8bbba0098b2225c5dfaa3,전문서적
114,뇌졸중 재활,"일어서, 앉아가 재활난민을 구한다","['청홍', '지상사']",15500,5e4cd0644267e105dfff1e9d,5cf8bbba0098b2225c5dfaa3,전문서적
115,본초정의,읽을수록 상세하고 논리적인 설명,['청홍'],65000,5e4cd7554267e105dfff1ea2,5cf8bbba0098b2225c5dfaa3,전문서적
116,두통학 2판,두통학의 교과서,['군자출판사'],89000,5f06a1f6221c8b5f77c8de3c,5cf8bbba0098b2225c5dfaa3,전문서적
117,요양병원에서의 진료 처방 ,요양병원 첫 근무부터 설립까지,[],120000,5e425fa34267e105dfff185b,5cf8bbba0098b2225c5dfaa3,전문서적
118,통증의 한약치료,서양의학과 동양의학의 이도류二刀流,['군자출판사'],25000,5e4b6e174267e105dfff1e05,5cf8bbba0098b2225c5dfaa3,전문서적
119,상한 갈등과 해소의 이론,21세기 눈으로 상한론을 바라보다,['청홍'],55000,5e4cda414267e105dfff1ea5,5cf8bbba0098b2225c5dfaa3,전문서적
120,유도주 경방임증지남,"류두저우 교수, 226례 의안의 변증요점, 병기핵심, 방약특징을 해설하다","['상한론', '물고기숲']",40000,5e8adeeebfe4260944784c9d,5cf8bbba0098b2225c5dfaa3,전문서적
121,해리슨 내과학 제20판,내과학의 원칙서 ,"['내과', '군자출판사']",290000,5ef28cb0e510ee503167d374,5cf8bbba0098b2225c5dfaa3,전문서적
122,유진홍 교수의 이야기로 풀어보는 감염학,이야기로 풀어보는 감염학 1,['군자출판사'],30000,5f06a1f3221c8b5f77c8de38,5cf8bbba0098b2225c5dfaa3,전문서적
123,항생제 열전,이야기로 풀어보는 감염학 2,['군자출판사'],20000,5f06a1f4221c8b5f77c8de39,5cf8bbba0098b2225c5dfaa3,전문서적
124,이해하면 보이는 어깨치료 ABC,어깨통증의 기능적 접근법,['군자출판사'],40000,5e4b6a984267e105dfff1dfe,5cf8bbba0098b2225c5dfaa3,전문서적
125,그린만의 수기의학 원리,수기의학 분야의 베스트셀러,['척추신경추나의학회'],90000,5ecb7356e510ee503167b897,5cf8bbba0098b2225c5dfaa3,전문서적
126,고령자 한방진료,초고령자 시대의 새로운 임상서,"['청홍', '지상사']",18500,5e4ccce44267e105dfff1e99,5cf8bbba0098b2225c5dfaa3,전문서적
127,동의수세보원가이드,성명론부터 사상인변증론까지 일관된 해설,['군자출판사'],30000,5e4b69ed4267e105dfff1dfd,5cf8bbba0098b2225c5dfaa3,전문서적
128,한방임상이야기 제3권,증례연구로 보는 양진한치(洋診韓治),['군자출판사'],28000,5e4b6b724267e105dfff1dff,5cf8bbba0098b2225c5dfaa3,전문서적
129,암을 다스리는 한의학,한의학을 통해 암을 극복할 수 있다는 신념,['군자출판사'],15000,5e4b71e04267e105dfff1e12,5cf8bbba0098b2225c5dfaa3,전문서적
130,수면장애의 한방치료,총체적인 접근으로 치료하는 수면장애,['군자출판사'],20000,5e4b73b14267e105dfff1e14,5cf8bbba0098b2225c5dfaa3,전문서적
131,운곡본초도감,Medistream 협약 판매,[],180000,5e6f323bbfe4260944783790,5cf8bbba0098b2225c5dfaa3,전문서적
132,"한의방제학(총론, 각론 상하권 세트)",한의방제학 공동교재,['군자출판사'],150000,5ed4ba73e510ee503167c4e6,5cf8bbba0098b2225c5dfaa3,전문서적
133,근골격 초음파학,"2,4000여 장의 사진과 그림 수록",['군자출판사'],150000,5f06a1f7221c8b5f77c8de3d,5cf8bbba0098b2225c5dfaa3,전문서적
134,인공지능,보건의료 전문가를 위한 길라잡이,['군자출판사'],30000,5f06a1fa221c8b5f77c8de40,5cf8bbba0098b2225c5dfaa3,전문서적
135,경락경혈 피로처방전,도쿄의료전문학교 침구사의 피로 해결법,"['청홍', '지상사']",15400,5e4ca4c14267e105dfff1e86,5cf8bbba0098b2225c5dfaa3,전문서적
136,경혈학,임상사례로 살펴보는 361개 혈의 효능,"['청홍', '지상사']",90000,5e4cca6b4267e105dfff1e95,5cf8bbba0098b2225c5dfaa3,전문서적
137,AAOS 미국정형외과학회 근골격계 진단・치료,"운동치료, 도수치료, TPI, 자가치료",['범문에듀케이션'],200000,5ec1e190e510ee503167a818,5cf8bbba0098b2225c5dfaa3,전문서적
138,냉증의 한의치료,각과 질환의 치료전략,['군자출판사'],40000,5e4b775a4267e105dfff1e1f,5cf8bbba0098b2225c5dfaa3,전문서적
139,AAOS 핵심정형외과학 Essentials of Musculoskeletal Care,AAOS 핵심정형외과학 Essentials of Musculoskeletal Care,[],60000,5ec1e18fe510ee503167a816,5cf8bbba0098b2225c5dfaa3,전문서적
140,알기 쉬운 이비인후과 한약처방가이드,한권으로 보는 일본이비인후과한방연구회,['군자출판사'],27000,5e4b427d4267e105dfff1de7,5cf8bbba0098b2225c5dfaa3,전문서적
141,상한금궤 약물사전,"《상한론》, 《금궤요략》 약물 해설서다",['청홍'],45000,5e4cdc7e4267e105dfff1eab,5cf8bbba0098b2225c5dfaa3,전문서적
142,한의통합종양학,암 환자에 대한 통합의학적 접근,['군자출판사'],45000,5e4b67d04267e105dfff1df9,5cf8bbba0098b2225c5dfaa3,전문서적
143,경혈 MAP,일러스트로 보는 WHO/WPRO 표준경혈부위,['군자출판사'],70000,5e4b6c524267e105dfff1e04,5cf8bbba0098b2225c5dfaa3,전문서적
144,임상 한의사를 위한 기본 한약처방 강의,처방의 역사적 발전 흐름 정리,[],43000,5f1550c0221c8b5f77c8f35c,5cf8bbba0098b2225c5dfaa3,전문서적
145,임상의를 위한 피부과학 [개정판],피부과 질환 가이드북,['대한의학서적'],90000,5f167b22221c8b5f77c8f687,5cf8bbba0098b2225c5dfaa3,전문서적
146,임상에서 자주 쓰이는 근골격계 검진법,임상에서 자주 쓰이는,['대한의학서적'],50000,5f167b2e221c8b5f77c8f6a2,5cf8bbba0098b2225c5dfaa3,전문서적
147,불면 장애,수면의학의 기초 총론,[],60000,5f167b1f221c8b5f77c8f685,5cf8bbba0098b2225c5dfaa3,전문서적
148,나도 당뇨병 전문가 ,환자에게 도움이 되는 치료 방법,['대한의학서적 '],50000,5f167b26221c8b5f77c8f68c,5cf8bbba0098b2225c5dfaa3,전문서적
149,쉽게 배울 수 있는 근골격계 초음파 입문서,A Beginner's Guide to Musculoskeletal Ultrasound,['대한의학서적'],45000,5f167b28221c8b5f77c8f691,5cf8bbba0098b2225c5dfaa3,전문서적
150,불명열을 줄이기 위한 외래 발열 진료가이드,발열 환자 앞에서  당황하지 않기 위해,['대한의학서적'],30000,5f167b2a221c8b5f77c8f696,5cf8bbba0098b2225c5dfaa3,전문서적
151,페인클리니션을 위한 통증진료의 비법,페인클리니션을 위한,['대한의학서적'],70000,5f167b31221c8b5f77c8f6a8,5cf8bbba0098b2225c5dfaa3,전문서적
152,탈모클리닉 실전바이블,실전바이블,['대한의학서적'],95000,5f167b32221c8b5f77c8f6ab,5cf8bbba0098b2225c5dfaa3,전문서적
153,복증기람(익),복진 학습의 바이블,['물고기숲'],120000,5f27d31c70973e5c1622477f,5cf8bbba0098b2225c5dfaa3,전문서적
154,임상간의학,국내 실정을 고려한 간의학 지식,['대한의학서적'],30000,5f167b26221c8b5f77c8f68d,5cf8bbba0098b2225c5dfaa3,전문서적
155,근골격계 물리치료 중재학 운동치료 테크닉,운동치료를 시작하는 사람들을 위해,['대한의학서적 '],55000,5f167b2a221c8b5f77c8f697,5cf8bbba0098b2225c5dfaa3,전문서적
156,외래진료 달인되기,레벨업을 위해 알아둬야 할 외래진단학,['대한의학서적'],35000,5f167b2e221c8b5f77c8f6a0,5cf8bbba0098b2225c5dfaa3,전문서적
157,임상노인신경학 - Clinical Geriatric Neurology,Clinical Geriatric Neurology,['대한의학서적'],60000,5f167b24221c8b5f77c8f689,5cf8bbba0098b2225c5dfaa3,전문서적
158,신경블록 술기 아틀라스,통증질환에 관심 있는 이들을 위해,['대한의학서적'],90000,5f167b2f221c8b5f77c8f6a4,5cf8bbba0098b2225c5dfaa3,전문서적
159,더 쉽고 더 재미있게 배우는 복부초음파,더 쉽고 더 재미있게 배우는,['대한의학서적'],60000,5f167b30221c8b5f77c8f6a5,5cf8bbba0098b2225c5dfaa3,전문서적
160,"일차진료의를 위한 정형외과 - 진단과 치료, 2판(DVD포함)",강의를 바탕으로 작성한 정형외과,['대한의학서적'],120000,5f167b28221c8b5f77c8f693,5cf8bbba0098b2225c5dfaa3,전문서적
161,한 눈에 알 수 있는 류마티스 관절염의 영상진단,한 눈에 알 수 있는,['대한의학서적'],60000,5f167b30221c8b5f77c8f6a6,5cf8bbba0098b2225c5dfaa3,전문서적
162,베이징전통의학연구소 후시수 경방의안집,,[],30000,5f30f7d3a0b91001bf48bd51,5cf8bbba0098b2225c5dfaa3,전문서적
163,내과 한방진료,EBM 한방내과 진료의 실제,"['청홍', '지상사']",28000,5f0bc3a9221c8b5f77c8df1c,5cf8bbba0098b2225c5dfaa3,전문서적
164,한권으로 끝내는 스테로이드치료,한권으로 끝내는,['대한의학서적'],45000,5f167b28221c8b5f77c8f692,5cf8bbba0098b2225c5dfaa3,전문서적
165,일반혈액검사 판독법,일반혈액검사 판독하기,['대한의학서적'],35000,5f167b2d221c8b5f77c8f69d,5cf8bbba0098b2225c5dfaa3,전문서적
166,일차진료클리니컬매뉴얼,일차 진료의에게 필요한 전 영역 최신 가이드라인,[],40000,5f167b24221c8b5f77c8f68a,5cf8bbba0098b2225c5dfaa3,전문서적
167,더 쉽고 더 재미있게 배우는 경동맥초음파,더 쉽고 더 재미있게 배우는,['대한의학서적'],50000,5f167b2c221c8b5f77c8f69b,5cf8bbba0098b2225c5dfaa3,전문서적
168,복증기람 복증기람익 세트,복진의 바이블,[],60000,5f27d24580e65f5b58a7e4a9,5cf8bbba0098b2225c5dfaa3,전문서적
169,알기쉬운 초음파의 이해,즐거운 마음으로 초음파를 접하기 위해,['가온해미디어'],50000,5f1550be221c8b5f77c8f35a,5cf8bbba0098b2225c5dfaa3,전문서적
170,응급상황 자신있게 대처하기,체계적인 병력 분석과 응급 검사 소견의 통합,['대한의학서적'],45000,5f167b27221c8b5f77c8f690,5cf8bbba0098b2225c5dfaa3,전문서적
171,그림으로 배우는 실전초음파,그림으로 배우는,['대한의학서적 '],60000,5f167b30221c8b5f77c8f6a7,5cf8bbba0098b2225c5dfaa3,전문서적
172,명쾌하게 배우는 영상진단,명쾌하게 배우는,['대한의학서적 '],50000,5f167b31221c8b5f77c8f6a9,5cf8bbba0098b2225c5dfaa3,전문서적
173,안면신경과 안면마비,안면마비 길라잡이,['대한의학서적'],150000,5f167b1e221c8b5f77c8f683,5cf8bbba0098b2225c5dfaa3,전문서적
174,류마티스내과 근골격초음파,새로운 청진기로서의 초음파,['대한의학서적'],90000,5f167b2d221c8b5f77c8f69f,5cf8bbba0098b2225c5dfaa3,전문서적
175,단계별로 판독 임상심전도,단계별로 판독,['대한의학서적'],28000,5f167b32221c8b5f77c8f6aa,5cf8bbba0098b2225c5dfaa3,전문서적
176,토털매선의학,성형매선과 치료매선,['군자출판사'],88000,5f1e78fa221c8b5f77c9049e,5cf8bbba0098b2225c5dfaa3,전문서적
177,"약처방의 정석 (1, 2권 세트) ",Drug Class Review & Rewal World Prescription,['바른의학연구소'],150000,5f4cb3eaa0b91001bf48e78e,5cf8bbba0098b2225c5dfaa3,기타
178,한의사를 위한 통증치료 매뉴얼 Part 3,척추와 기능신경학,['가온해미디어'],85000,5f1550bf221c8b5f77c8f35b,5cf8bbba0098b2225c5dfaa3,전문서적
179,그림으로 이해하는 수분과 전해질 및 산-염기 대사,그림으로 이해하는,['대한의학서적'],38000,5f167b32221c8b5f77c8f6ac,5cf8bbba0098b2225c5dfaa3,전문서적
180,일차진료의를 위한 이비인후과,이비인후과 안내서,['대한의학서적'],45000,5f167b21221c8b5f77c8f686,5cf8bbba0098b2225c5dfaa3,전문서적
181,기본적인 외과술기 및 처치법,외과술기 가이드,['대한의학서적 '],30000,5f167b2d221c8b5f77c8f69e,5cf8bbba0098b2225c5dfaa3,전문서적
182,통증의 영상진단과 치료,임상의를 위한 영상진단,['대한의학서적'],90000,5f167b2f221c8b5f77c8f6a3,5cf8bbba0098b2225c5dfaa3,전문서적
183,초보자를 위한 초음파 첫걸음-전신의 정상 초음파 영상정복!,정상 초음파를 알아야 비정상을 알 수 있다,['대한의학서적'],45000,5f167b2a221c8b5f77c8f695,5cf8bbba0098b2225c5dfaa3,전문서적
184,임상 한의사를 위한 주성완 원장 강의록,육경으로 살펴보면 침구 치료,['가온해미디어'],57000,5f1550c2221c8b5f77c8f35d,5cf8bbba0098b2225c5dfaa3,전문서적
185,외래진료에서 꼭 쓰이는 통증주사치료,Waldman 주사법,['대한의학서적'],70000,5f167b2b221c8b5f77c8f698,5cf8bbba0098b2225c5dfaa3,전문서적
186,유방초음파 진단매뉴얼,유방초음파를 보기 위해,['대한의학서적'],60000,5f167b2c221c8b5f77c8f69a,5cf8bbba0098b2225c5dfaa3,전문서적
187,약의 의문,질의응답으로 살펴보는 약,[],45000,5f167b2e221c8b5f77c8f6a1,5cf8bbba0098b2225c5dfaa3,전문서적
188,실전 복부초음파,완벽하게 이해하고 정확하게 진단하기,['대한의학서적'],70000,5f167b26221c8b5f77c8f68e,5cf8bbba0098b2225c5dfaa3,전문서적
189,임상을 위한 의학입문강의,전통한의학을 현대에 적용하기,['물고기숲'],150000,5f8412d95c12dc06f754db21,5cf8bbba0098b2225c5dfaa3,전문서적
190,멀리건의 도수물리치료,최신 개정판 협약 판매,[],60000,5f8d4a0e512031633431eaa2,5cf8bbba0098b2225c5dfaa3,전문서적
191,Kandel 신경과학의 원리 5판,신경과학의 정석,[],110000,5f9fa8105120316334321047,5cf8bbba0098b2225c5dfaa3,전문서적
192,응급질환 한방진료 매뉴얼,응급질환 한방약 활용법,['청홍'],29000,5f7ac1c948060c52caf15e36,5cf8bbba0098b2225c5dfaa3,전문서적
193,사상방 사용설명서,재밌고 쉽게 살펴보는 사용설명서,['물고기숲'],50000,5f6860f348060c52caf14690,5cf8bbba0098b2225c5dfaa3,전문서적
194,일차진료아카데미 처방가이드,일차진료 현장에서 필요한 임상경험 노하우,['바른의학연구소'],250000,5fa8e38751203163343224c4,5cf8bbba0098b2225c5dfaa3,전문서적
195,유도주 의론의화 100칙,유도주 선생의 이론과 임상례,"['상한론', '물고기숲']",80000,5f964059512031633431fa08,5cf8bbba0098b2225c5dfaa3,전문서적
196,적방! 한약처방 100문 100답,문답을 통해 처방의 고민을 해결합니다.,['정석출판'],150000,5f9676b2512031633431fa6b,5cf8bbba0098b2225c5dfaa3,전문서적
197,경혈해설,"14대 침의(鍼醫) 후지모토 렌푸, 침의 위대함을 임상실천하다",['물고기숲'],60000,5f96405a512031633431fa09,5cf8bbba0098b2225c5dfaa3,전문서적
198,한약 암 치료,종양내과학 주임교수가 들려주는 암 치료의 한약 활용법,['청홍'],25000,5fc4a272ce872a1a803a8d13,5cf8bbba0098b2225c5dfaa3,전문서적
199,망설식병,중의진단학 대가의 설진 지침서,['물고기숲'],50000,5fc50adfce872a1a803a8eea,5cf8bbba0098b2225c5dfaa3,전문서적
200,"우리가 몰랐던 바이러스 이야기, 면역의 배신",,['범문에듀케이션'],43000,5fc612d7ce872a1a803a90bb,5cf8bbba0098b2225c5dfaa3,전문서적
201,The DOs (한국어판),Osteopathic Medicine in America,['척추신경추나의학회'],25000,5fc8a12bce872a1a803a95ce,5cf8bbba0098b2225c5dfaa3,전문서적
202,신종바이러스 감염증 예방과 치료를 위한 한방진료전략,감염질환으로 시작된 혼돈의 뉴노멀 시대를 극복할 새로운 제안,['청홍'],18000,5ff2b50cd6491c001b178242,5cf8bbba0098b2225c5dfaa3,전문서적
203,근골격계 약침의학,근골격계 질환 치료 매뉴얼,"['약침', '가온해미디어']",72000,6005151da6432d001a69b21b,5cf8bbba0098b2225c5dfaa3,전문서적
204,통증백해(痛症百解),통증의 한의학적 이해,['물고기숲'],30000,600e6471527223001a206920,5cf8bbba0098b2225c5dfaa3,전문서적
205,하이브리드 의학,서양의학의 한계를 보완하는 동양의학,['청홍'],14000,60191de3527223001a207875,5cf8bbba0098b2225c5dfaa3,전문서적
206,내 곁의 적 - 의료관련감염,의료관련감염,['군자출판사'],29100,6021ee342c593a001ace9eb6,5cf8bbba0098b2225c5dfaa3,전문서적
207,논란의료 - 영리한 그들의 이유 있는 논쟁,영리한 그들의 이유 있는 논쟁,['군자출판사'],19000,6021ee35527223001a2084cf,5cf8bbba0098b2225c5dfaa3,전문서적
208,성인 ADHD,,['군자출판사'],16200,6021ee36527223001a2084d0,5cf8bbba0098b2225c5dfaa3,전문서적
209,쉽게 이해하는 Point 해부생리학,얇은 핸드북에 해부생리의 포인트를 담다,['군자출판사'],24000,6021ee372c593a001ace9eb7,5cf8bbba0098b2225c5dfaa3,전문서적
210,노인요양병원 진료지침서 넷째판,,['군자출판사'],75000,6021ee38527223001a2084d1,5cf8bbba0098b2225c5dfaa3,전문서적
211,임상의사를 위한 노화학,,['군자출판사'],57000,6021ee3a2c593a001ace9eb8,5cf8bbba0098b2225c5dfaa3,전문서적
212,쉽게 배우는 근근막통증증후군 TPI치료법,,['메디안북'],70000,602cf64f2c593a001aceac86,5cf8bbba0098b2225c5dfaa3,전문서적
213,일차진료의를 위한 마스터 기능의학 (The master of functional medicine for primary medical care),The master of functional medicine for primary medical care,[],140000,602cf6502c593a001aceac87,5cf8bbba0098b2225c5dfaa3,전문서적
214,알기쉬운 표면해부학,,['메디안북'],35000,602cf652527223001a209635,5cf8bbba0098b2225c5dfaa3,전문서적
215,초음파 유도하 말초신경의 치료 (Ultrasound-Guided Peripheral Nerve Blocks),Ultrasound-Guided Peripheral Nerve Blocks,['메디안북'],60000,602cf6532c593a001aceac88,5cf8bbba0098b2225c5dfaa3,전문서적
216,병의원급 피부질환진료 및 실전 미용클리닉,,[],120000,602cf6542c593a001aceac89,5cf8bbba0098b2225c5dfaa3,전문서적
217,족부의학의 일차진료,,['메디안북'],60000,602cf654527223001a209638,5cf8bbba0098b2225c5dfaa3,전문서적
218,그림과 모식도로 배우는 복부초음파,,['메디안북'],65000,602cf6552c593a001aceac8a,5cf8bbba0098b2225c5dfaa3,전문서적
219,"그림과 모식도로 배우는 유방, 갑상선, 타액선초음파",,['메디안북'],65000,602cf6562c593a001aceac8b,5cf8bbba0098b2225c5dfaa3,전문서적
220,알기쉬운 초음파 유도하 척추신경블록법,,['메디안북'],55000,602cf6582c593a001aceac8c,5cf8bbba0098b2225c5dfaa3,전문서적
221,Netters 근육뼈대계 간결해부학,,['메디안북'],60000,602cf6582c593a001aceac8d,5cf8bbba0098b2225c5dfaa3,전문서적
222,쉽고 빠른 근골격계및 말초신경검진법,,['메디안북'],38000,602cf659527223001a209639,5cf8bbba0098b2225c5dfaa3,전문서적
223,임상의를 위한 두개골정골요법,,['메디안북'],40000,602cf65a527223001a20963a,5cf8bbba0098b2225c5dfaa3,전문서적
224,대상포진 Up-to-Date,,['메디안북'],40000,602cf65b2c593a001aceac8e,5cf8bbba0098b2225c5dfaa3,전문서적
225,아차하면 놓치기쉬운 통증증후군 122가지,,['메디안북'],80000,602cf65c2c593a001aceac8f,5cf8bbba0098b2225c5dfaa3,전문서적
226,그림으로 보는 신경진찰법,,['메디안북'],55000,602cf65c2c593a001aceac90,5cf8bbba0098b2225c5dfaa3,전문서적
227,목과 어깨통증의 진단과치료,,['메디안북'],57000,602cf65d2c593a001aceac91,5cf8bbba0098b2225c5dfaa3,전문서적
228,한국의 민간약초 300선,한의학전문가인 한의사들을 위한 민간약초,['대학문화사'],38000,603342762c593a001aceb139,5cf8bbba0098b2225c5dfaa3,전문서적
229,운곡본초도감,,['우석'],180000,60334e0d527223001a209c16,5cf8bbba0098b2225c5dfaa3,전문서적
230,증보운곡본초학,30년 본초학교수의 전부를 요약,['도서출판 우석'],150000,60334e122c593a001aceb158,5cf8bbba0098b2225c5dfaa3,전문서적
231,채소손 논치난임증,"차이샤오쑨 선생, 채씨부인과를 7대째 계승하여 실증적 경험을 임상에 적용하다",['물고기숲'],45000,6034b5a5527223001a209f6f,5cf8bbba0098b2225c5dfaa3,전문서적
232,"금침, 10년이 젊어진다 - 통증이 사라지고 피부가 살아나는 금실 매선",통증이 사라지고 피부가 살아나는 금실 매선,['솔트앤씨드'],16800,603f3c3140a8110019dda3d3,5cf8bbba0098b2225c5dfaa3,전문서적
233,"Guyton 의학생리학 - Textbook of Medical Physiology,12/e","Textbook of Medical Physiology,12/e",[],88000,6045d817643a8a0019f2c187,5cf8bbba0098b2225c5dfaa3,전문서적
234,원색 사람해부학 7판,,['범문에듀케이션'],90000,6045d81940a8110019dda9ed,5cf8bbba0098b2225c5dfaa3,전문서적
235,"THE NETTER COLLECTION: VOL3 호흡기계, VOL8 심혈관계, 2판 (2권 Set)",By David Kaminsky,"['해부학', '해부', '한미의학']",100000,604f2dc6c1908b001a63af99,5cf8bbba0098b2225c5dfaa3,전문서적
236,"THE NETTER COLLECTION: VOL6 근육뼈대계통, 2판 (3권 Set)","By Joseph P. Iannotti, Richard D. Parker","['해부', '해부학', '한미의학']",145000,604f2dc80ccc56001bc78bae,5cf8bbba0098b2225c5dfaa3,전문서적
237,"THE NETTER COLLECTION: VOL7 신경계통, 2판 (2권 Set)","By H. Royden Jones, Ted M. Burns 외","['해부', '해부학', '한미의학']",100000,604f2dc90ccc56001bc78baf,5cf8bbba0098b2225c5dfaa3,전문서적
238,근육뼈대계통 palpation road map 6판,"손으로 근육, 뼈, 기타 조직의 위치를 찾기 위한 안내서",[],50000,607d2ec7c1908b001a63ea54,5cf8bbba0098b2225c5dfaa3,전문서적
239,최수용의 기능의학 해설,,['가온해미디어'],117000,608654080ccc56001bc7c269,5cf8bbba0098b2225c5dfaa3,전문서적
240,"[세트] 치매의 모든 것, 나는 치매를 다스릴 수 있다",치매 환자를 진료하고 계시는 분들께 추천합니다.,[],56000,608fb4abc1908b001a6407c1,5cf8bbba0098b2225c5dfaa3,전문서적
241,치병절초 강설,명노중의 내과편 193증례 ,['물고기숲'],50000,6098cf1cc1908b001a64159a,5cf8bbba0098b2225c5dfaa3,전문서적
242,통장잔고 2배 늘려주는 병의원 절세비법,김국현 세무사 신간,[],20000,60a22e62c1908b001a6466e1,5cf8bbba0098b2225c5dfaa3,전문서적
243,임상의를 위한 멘탈한방 입문,"항우울제, 항불안제를 사용하기 전에 ",['군자출판사'],25000,60b08d280ccc56001bc7f2a6,5cf8bbba0098b2225c5dfaa3,전문서적
244,임상의를 위한 멘탈한방 입문,"항우울제, 항불안제를 사용하기 전에 ",[],25000,60b08d450ccc56001bc7f2a7,5cf8bbba0098b2225c5dfaa3,전문서적
245,한방 123처방 임상 해설,후쿠토미 토시아키가 남긴 마지막 처방 해설,['지상사'],42000,60b49711c1908b001a649f0f,5cf8bbba0098b2225c5dfaa3,전문서적
246,한방 123처방 임상 해설,후쿠토미 토시아키가 남긴 마지막 처방 해설,[],42000,60b497620ccc56001bc7f58b,5cf8bbba0098b2225c5dfaa3,전문서적
247,"[세트] 말초신경 약침의학, 근골격계 약침의학",약침의학 도서 세트,['가온해미디어'],119000,60bdb431c1908b001a64ab9d,5cf8bbba0098b2225c5dfaa3,기타
248,"[세트] 면역의 배신, 우리가 몰랐던 바이러스 이야기",범문 도서 세트,[],43000,60c71316c1908b001a64b765,5cf8bbba0098b2225c5dfaa3,기타
249,윤상훈·권병조의 알짜 근육학,근육 치료 핵심 요약,['군자출판사'],20000,60d018b7d26af90681b18980,5cf8bbba0098b2225c5dfaa3,전문서적
250,현동의감,김공빈 원장님의 동의보감 강의록,['도서출판 현동'],270000,60d9891cd26af90681b1a019,5cf8bbba0098b2225c5dfaa3,전문서적
251,찬도방론맥결집성,"허준이 직접 발췌, 교정한 진맥과 침구의서",['도서출판 현동'],80000,60d9891ed26af90681b1a01a,5cf8bbba0098b2225c5dfaa3,전문서적
252,사진심법요결,사진의 가장 기본이 되는 이론과 실제를 충실히 설명,['도서출판 현동'],40000,60d9891f09c63a06ed1454e2,5cf8bbba0098b2225c5dfaa3,전문서적
253,현동의감 세트,현동의감 세트,[],390000,60d98920d26af90681b1a01b,5cf8bbba0098b2225c5dfaa3,기타
254,플로차트 정신질환의 한방치료,양약으로 효과 없는 30퍼센트 환자에게,['물고기숲'],30000,60e29e3709c63a06ed145dc0,5cf8bbba0098b2225c5dfaa3,전문서적
255,침의 과학적 접근의 이해,경혈·신경분포·근육·근막유발점 부록 카드 수록,[' 한미의학'],38000,60e7e0b0d26af90681b1b61c,5cf8bbba0098b2225c5dfaa3,전문서적
256,아틀라스 초음파 영상학,증례중심 동영상,['한미의학'],58000,60f4ff2bd26af90681b1cac5,5cf8bbba0098b2225c5dfaa3,전문서적
257,무릎통증(아프니까 무릎이다),,['메디안북'],50000,60f7d005d26af90681b1ceac,5cf8bbba0098b2225c5dfaa3,전문서적
258,초음파로 익히는 통증치료,,['메디안북'],120000,60f7d00609c63a06ed1476c0,5cf8bbba0098b2225c5dfaa3,전문서적
259,쉽게 배우는 근근막통증증후군 TPI치료법,,['메디안북'],70000,60f7d008d26af90681b1cead,5cf8bbba0098b2225c5dfaa3,전문서적
260,아빠가 들려주는 일차진료 소아과학,,[],100000,60f7d00a09c63a06ed1476c2,5cf8bbba0098b2225c5dfaa3,전문서적
261,필라테스 해부학(PILATES ANATOMY),,['메디안북'],20000,60f7d00ad26af90681b1ceae,5cf8bbba0098b2225c5dfaa3,전문서적
262,알기쉬운 골격해부학,,['메디안북'],35000,60f7d00b09c63a06ed1476c3,5cf8bbba0098b2225c5dfaa3,전문서적
263,감별진단의 정석,,['바른의학연구소'],150000,60f8dba1d26af90681b1d066,5cf8bbba0098b2225c5dfaa3,전문서적
264,"SMART 내과 1권 : 바이탈, 감염, 종양, 류마티스",,['바른의학연구소'],45000,60f8dba209c63a06ed147807,5cf8bbba0098b2225c5dfaa3,전문서적
265,항생제 처방의 정석,지피지기 처방전략,['바른의학연구소'],80000,60f8dba3d26af90681b1d067,5cf8bbba0098b2225c5dfaa3,전문서적
266,살구나무 아래에서,한의로 대를 잇는 아버지와 아들의 동의보감,['도서출판 산지'],15000,60fe621609c63a06ed147b8c,5cf8bbba0098b2225c5dfaa3,전문서적
267,임상 한의사를 위한 기본 한약처방 강의 2판,고방-후세방-사상방의 처방을 하나로 해석하여 공부를 할 수 있게 정리,['가온해미디어'],85000,610b6f9ad26af90681b1e699,5cf8bbba0098b2225c5dfaa3,전문서적
268,수화론(水火論),인체의 물과 열에 대한 상호작용,['물고기숲'],45000,6123149709c63a06ed14a13e,5cf8bbba0098b2225c5dfaa3,전문서적
269,알기쉬운 임상연구 입문가이드,한의사와 근거중심의학 임상연구에 관심있는 전공자를 위한,['군자출판사'],25000,6135810d97686100197d7a89,5cf8bbba0098b2225c5dfaa3,전문서적
270,조소금 임증험안정선,"자오샤오친 선생, 외감 온열병부터 난치병까지 치료 경험을 선별하다",['물고기숲'],45000,613eab4f6b61d0001afbbb40,5cf8bbba0098b2225c5dfaa3,전문서적
271,주사영양치료,,['대한의학서적'],38000,613eec906b61d0001afbbc66,5cf8bbba0098b2225c5dfaa3,전문서적
272,시니어 피부과학,,['대한의학서적'],70000,613eec926b61d0001afbbc67,5cf8bbba0098b2225c5dfaa3,전문서적
273,소화기질환과 장내 미생물,,['대한의학서적'],60000,613eec936b61d0001afbbc68,5cf8bbba0098b2225c5dfaa3,전문서적
274,처음 시작하는 사람들을 위한 경동맥 초음파,,['대한의학서적'],40000,613eec956b61d0001afbbc69,5cf8bbba0098b2225c5dfaa3,전문서적
275,최신 간학,최신 간질환 진료 지침서,['대한의학서적'],50000,613eec959f4105001a8751d7,5cf8bbba0098b2225c5dfaa3,전문서적
276,그림으로 보는 뇌와 신경,구조와 장애의 기전,['대한의학서적'],35000,613eec969f4105001a8751d8,5cf8bbba0098b2225c5dfaa3,전문서적
277,알아두면 쓸모있는 비만치료,,['대한의학서적'],50000,613eec976b61d0001afbbc6a,5cf8bbba0098b2225c5dfaa3,전문서적
278,진료실에서 흔히 접하는 소아청소년 피부질환,,['대한의학서적'],45000,613eec989f4105001a8751d9,5cf8bbba0098b2225c5dfaa3,전문서적
279,당뇨병 다시 배우기,,['대한의학서적'],50000,613eec999f4105001a8751da,5cf8bbba0098b2225c5dfaa3,전문서적
280,나의 갑상선 진료,,['대한의학서적'],40000,613eec9a6b61d0001afbbc6b,5cf8bbba0098b2225c5dfaa3,전문서적
281,파킨슨 증후군 알아야 이긴다,파킨슨증후군 전문가 35인이 쓴 진료실에서 못다한 이야기,['메디안북'],33000,6141be134cf9a5002287ab90,5cf8bbba0098b2225c5dfaa3,전문서적
285,부항요법,카드 할인 제외 도서입니다. ,['한미의학'],45000,617656c209772c00249eeb93,5cf8bbba0098b2225c5dfaa3,전문서적
286,트리거포인트 침치료,,[],65000,617a3aacbc63410023471ab6,5cf8bbba0098b2225c5dfaa3,전문서적
287,숲을 보는 요통치료,일차진료 한의사를 위한 요통치료 매뉴얼,"['요통치료', '허리', '정다운', '가온해미디어']",43000,617f9228bc63410023472aa4,5cf8bbba0098b2225c5dfaa3,전문서적
288,통증유발점 치료 - 간편하게 해결하기,,['메디안북'],40000,6180fc45bc63410023473275,5cf8bbba0098b2225c5dfaa3,전문서적
289,근골격계 치료를 위한 보톡스 주사,,['메디안북'],100000,6180fc47bc63410023473276,5cf8bbba0098b2225c5dfaa3,전문서적
290,흔히보는 정형외과 외래진료 가이드북,,['메디안북'],60000,6182113bbc63410023473754,5cf8bbba0098b2225c5dfaa3,전문서적
291,주문봉 진단학강의,"현대중국 진법학의 태두 주원펑 교수, 望聞問切을 쉽게 펼쳐 강의하다",['물고기숲'],65000,61a49096bc6341002347aa22,5cf8bbba0098b2225c5dfaa3,전문서적
292,한눈에 보는 스트레칭 해부학,The Student’s Anatomy of Stretching Manual,['메디안북'],33000,61d7a0d87560f900324cdaa3,5cf8bbba0098b2225c5dfaa3,전문서적
293,실전한약가이드,일상진료에 활용하는 엑스제 사용법,['가온해미디어'],85000,61dfde887560f900324cf6bc,5cf8bbba0098b2225c5dfaa3,전문서적
294,오국통 온병명방,온병조변에 나오는 136 처방에 대한 임상 활용 가이드북,['물고기숲'],55000,61e777f47c9ea1003fa99d6e,5cf8bbba0098b2225c5dfaa3,전문서적
295,음양승강으로 해석하는 사상의학: 생리병리,사유구조를 해석하고 그 내면의 생리·병리를 구체화,['물고기숲'],40000,61e777f57c9ea1003fa99d6f,5cf8bbba0098b2225c5dfaa3,전문서적
296,치매의 간단진단과 치료,내일부터 도움이 되는,['물고기숲'],45000,61e777f67c9ea1003fa99d70,5cf8bbba0098b2225c5dfaa3,전문서적
297,간단 한방철칙,한의학은 평생공부다,"['청홍', '지상사']",18000,62173789d41623002392f9ca,5cf8bbba0098b2225c5dfaa3,전문서적
298,간단 한방처방,이해하기 쉽다 외우기 간편하다,"['청홍', '지상사']",18000,621737b3d41623002392f9d3,5cf8bbba0098b2225c5dfaa3,전문서적
299,바른 자세를 위한 교정운동,카드 할인 제외 도서입니다.,['한미의학'],25000,62186965f6430000243670ca,5cf8bbba0098b2225c5dfaa3,일반
300,고장 난 뇌,뇌졸중 환자를 위한 메시지,['군자출판사'],15000,62186966f6430000243670cb,5cf8bbba0098b2225c5dfaa3,전문서적
301,의학논문 작성을 위한 통계분석 입문,"SPSS&R, 사례중심",['군자출판사'],30000,62186968f6430000243670cc,5cf8bbba0098b2225c5dfaa3,전문서적
302,만성질환을 생활습관으로 다스리기,각종 질병 환자를 위한 생활요법,[],58000,622ec556f967570023fad4ea,5cf8bbba0098b2225c5dfaa3,전문서적
303,임산부에게 사용할 수 있는 한방처방,,['가온해미디어'],33000,62314ccef967570023fae609,5cf8bbba0098b2225c5dfaa3,전문서적
304,MRI 자신감 키우기_족부편,BUILD CONFIDENCE IN MSK MRI,['군자출판사'],120000,62392e126f766b0024667fe1,5cf8bbba0098b2225c5dfaa3,전문서적
305,카이로프랙틱 기본테크닉론,해부학과 생체역학을 포함한 몸 사용법,['물고기숲'],60000,62392e146f766b0024667fe2,5cf8bbba0098b2225c5dfaa3,전문서적
306,장골의 PI 변위는 없다,짝다리 교정을 위한 골반의 생역학적 이해,['물고기숲'],40000,623bc8886f766b0024668eb5,5cf8bbba0098b2225c5dfaa3,전문서적
307,근육학,근육학의 영원한 기본서,['엠디월드'],100000,62551d64cb28e6002469d8f9,5cf8bbba0098b2225c5dfaa3,전문서적
308,환자상담의 달인,쉽게 배우는 환자 상담기법,['엠디월드'],30000,62551d66cb28e6002469d8fa,5cf8bbba0098b2225c5dfaa3,전문서적
309,스파이랄 및 키네지오 테이핑,기계적 테이핑에서 이해적 테이핑으로,['엠디월드'],30000,62551d67cb28e6002469d8fb,5cf8bbba0098b2225c5dfaa3,일반
310,병의원 경영과 자산 관리 클리닉,의사 CEO를 위한 ,['엠디월드'],25000,62551d69cb28e6002469d8fc,5cf8bbba0098b2225c5dfaa3,경영
311,"3달의 기적, 탈모치료의 성공 법칙",탈모 바로알기,['엠디월드'],60000,62551d6bcb28e6002469d8fd,5cf8bbba0098b2225c5dfaa3,전문서적
312,우리 병원의 문제? 현장에서 답을 찾다!,현장 병원 실장들의 생생한 현장 노하우,['엠디월드'],32000,62551d6ccb28e6002469d8fe,5cf8bbba0098b2225c5dfaa3,전문서적
313,요양병원 주치의 진료핵심,요양병원 노인환자 관리 및 약물치료와 말기환자의 호스피스 완화의료까지,['엠디월드'],55000,62551d6dcb28e6002469d8ff,5cf8bbba0098b2225c5dfaa3,전문서적
314,K. 한의학 임상총론,한의학에서 인체를 바라보는 관점,['의성당'],50000,625e57080d1b510022676c26,5cf8bbba0098b2225c5dfaa3,전문서적
315,암 치료에 이용되는 천연약물,약물 389종의 임상처방,['의성당'],55000,625e57080d1b510022676c27,5cf8bbba0098b2225c5dfaa3,전문서적
316,오당 본초강론,,['의성당'],58000,625e570a0d1b510022676c28,5cf8bbba0098b2225c5dfaa3,전문서적
317,운동기능장애 치료 매뉴얼,손가락 어깨 무릎 등 근골격의 기능장애 정확한 진단과 치료방법 공개,['의성당'],60000,625e570c0d1b510022676c29,5cf8bbba0098b2225c5dfaa3,전문서적
318,왕문원 임상 평형침법,평형침구학 총론,['의성당'],80000,625e570d0d1b510022676c2a,5cf8bbba0098b2225c5dfaa3,전문서적
319,최강통증매선,한의사를 위한,['의성당'],50000,625e570f0d1b510022676c2b,5cf8bbba0098b2225c5dfaa3,전문서적
320,중국 왕문원 평형침구학,,['의성당'],120000,625e57100d1b510022676c2c,5cf8bbba0098b2225c5dfaa3,전문서적
321,한방 활용 가이드,통합의학 임상역량 향상을 위한,['의성당'],50000,625e57110d1b510022676c2d,5cf8bbba0098b2225c5dfaa3,전문서적
322,초음파 가이드 근골격계 통증 치료의 정석,이제 초음파는 선택이 아닌 필수,['대한의학서적'],210000,626a4b89e1579900234bd4af,5cf8bbba0098b2225c5dfaa3,전문서적
323,섭혜민 명의경방험안,"경방임상가 녜후이민 교수, 의안 1300개를 엄선하여 해설하다",['물고기숲'],130000,626a4b8ae1579900234bd4b0,5cf8bbba0098b2225c5dfaa3,전문서적
324,2022 통장잔고 2배 늘려주는 병의원 절세비법,,"['군자출판사', '제테크', '절세', '절세법', '병의원', '병원', '의원', '한의원']",20000,6279c9439d93880024062730,5cf8bbba0098b2225c5dfaa3,전문서적
325,"숨찬 세상, 호흡기를 편하게",증후편&질병편,['집문당'],30000,6285af5c9d9388002406533e,5cf8bbba0098b2225c5dfaa3,전문서적
326,"실전, 임상한의학 내과질환을 중심으로",임상진단 및 치료의 길잡이,['집문당'],30000,6285af5e9d9388002406533f,5cf8bbba0098b2225c5dfaa3,전문서적
327,"실전, 임상한의학 알레르기질환",임상진단 및 치료의 길잡이,['집문당'],30000,6285af5f9d93880024065340,5cf8bbba0098b2225c5dfaa3,전문서적
328,안면마비 침구치료,중국 근·현대 침구명의들,['집문당'],40000,6285af619d93880024065341,5cf8bbba0098b2225c5dfaa3,전문서적
329,의학심오(醫學心悟),마음으로 깨친 의학,['집문당'],60000,6285af629d93880024065342,5cf8bbba0098b2225c5dfaa3,전문서적
330,"중경서 독법 강해(상,하) /개정판",학습해야 하는 필수 과정,['집문당'],100000,6285af639d93880024065343,5cf8bbba0098b2225c5dfaa3,전문서적
331,침구대성,침법의 강목을 총망라,['집문당'],150000,6285af639d93880024065344,5cf8bbba0098b2225c5dfaa3,전문서적
332,평주온열경위,,['집문당'],45000,6285af649d93880024065345,5cf8bbba0098b2225c5dfaa3,기타
333,한의학 상담,한의학 정신건강 시리즈,['집문당'],30000,6285af659d93880024065346,5cf8bbba0098b2225c5dfaa3,전문서적
334,趙紹琴(조소금) 내과학,내과학을 한번에 정리,['물고기숲'],90000,628df3509d9388002406ed08,5cf8bbba0098b2225c5dfaa3,전문서적
335,내과학 5권세트,,"['아사쿠라', '아사쿠라내과학', '내과학', '내과학세트', '우리의학서적']",380000,628ecd639d9388002406f054,5cf8bbba0098b2225c5dfaa3,기타
336,침구과 진료매뉴얼,실제 임상에서 적용할 수 있는 내용,['우리의학서적'],45000,628ecd659d9388002406f055,5cf8bbba0098b2225c5dfaa3,전문서적
337,한방순환 신경내과학,,['우리의학서적'],46000,628ecd669d9388002406f056,5cf8bbba0098b2225c5dfaa3,전문서적
338,갑상선 진료 완전정복,쉽고 친절하게 알려주는,['우리의학서적'],30000,628ecd689d9388002406f058,5cf8bbba0098b2225c5dfaa3,전문서적
339,뇌의학의 첫걸음,뇌의학을 처음 접하는 독자를 위한,['우리의학서적'],34000,628ecd6a9d9388002406f059,5cf8bbba0098b2225c5dfaa3,전문서적
340,신경학 증상의 감별법,흔한 신경과 증상을 진찰하며 감별하는 방법,['우리의학서적'],42000,628ecd6a9d9388002406f05a,5cf8bbba0098b2225c5dfaa3,전문서적
341,약침의 정석 –통증편,만성통증 어떻게 치료했나,['우리의학서적'],50000,628ecd6b9d9388002406f05b,5cf8bbba0098b2225c5dfaa3,전문서적
342,어지럼질환의 진단과 치료,일상에서 자주 만나는,['우리의학서적'],34000,628ecd6c9d9388002406f05c,5cf8bbba0098b2225c5dfaa3,전문서적
343,이것이 알고싶다! 당뇨병진료,,['우리의학서적'],36000,628ecd6d9d9388002406f05d,5cf8bbba0098b2225c5dfaa3,전문서적
344,증례와 함께 하는 한약처방,,['우리의학서적'],40000,628ecd6e9d9388002406f05f,5cf8bbba0098b2225c5dfaa3,전문서적
345,HAPPY 소아청소년 진료,,['우리의학서적'],45000,628ecd709d9388002406f060,5cf8bbba0098b2225c5dfaa3,전문서적
346,"선생님, 이제 그만 저 좀 포기해 주세요",한의사가 전하는 암 병동에서의 휴머니즘,['에고라이팅'],13800,628f154b9d9388002406f447,5cf8bbba0098b2225c5dfaa3,전문서적
347,황황교수의 개원 한의사를 위한 상한금궤 처방 강의록,,['군자출판사'],40000,629860569d93880024071aca,5cf8bbba0098b2225c5dfaa3,전문서적
348,황황교수의 임상의를 위한 근거기반 상한금궤 처방 매뉴얼,,['군자출판사'],40000,629860589d93880024071acb,5cf8bbba0098b2225c5dfaa3,전문서적
349,비만문답,한의사들의 근거 중심 비만 진료 이야기,['가온해미디어'],45000,629860599d93880024071acc,5cf8bbba0098b2225c5dfaa3,전문서적
350,한눈에 보는 근력운동 해부학,The Student’s Anatomy of Exercise Manual,"['근력운동', '해부학', '의료도서', '도서', '의료서적', '메디안북']",33000,62ab120708e04900234df576,5cf8bbba0098b2225c5dfaa3,일반
351,플로차트 정형외과 진단,정형외과 질환의 진단에 도달하기 위한 한 권의 책,['물고기숲'],60000,62bbee3a08e04900234e36c8,5cf8bbba0098b2225c5dfaa3,전문서적
352,SMART 기본 일차진료매뉴얼 3판(세트),Evidence Based Approach,['바른의학연구소'],180000,62cd2c353fc97a002bec8509,5cf8bbba0098b2225c5dfaa3,전문서적
353,SMART 소아진료매뉴얼 3판,Evidence based & Practical approach,['바른의학연구소'],120000,62cd2c373fc97a002bec850a,5cf8bbba0098b2225c5dfaa3,전문서적
354,SMART 응급진료매뉴얼(세트),"응급진료 기초, 외상, 환경응급, 중독",['바른의학연구소'],120000,62cd2c383fc97a002bec850b,5cf8bbba0098b2225c5dfaa3,전문서적
355,사암침의 해석과 임상,주역을 바탕으로 ,['가온해미디어'],75000,62cd2dbb3fc97a002bec851b,5cf8bbba0098b2225c5dfaa3,전문서적
356,외래에서 꼭 알아야 할 통증증후군 137가지,Atlas of Common Pain Syndromes,['메디안북'],120000,62da5dd81b3c480022189fdf,5cf8bbba0098b2225c5dfaa3,전문서적
357,BATHE 기법으로 가족상담까지,,['엠디월드'],40000,62e73625119967002389e627,5cf8bbba0098b2225c5dfaa3,전문서적
358,초음파 유도하 침 시술 가이드북,카드 할인 제외 도서입니다. ,['한국한의학연구원'],35000,62ff2f43ca740b0024397ca4,5cf8bbba0098b2225c5dfaa3,전문서적
359,영어 진료 가이드북 ,"한의사, 한의대생을 위한 ",['가온해미디어'],49000,63046e9358e1680033a580d6,5cf8bbba0098b2225c5dfaa3,전문서적
360,상과질병 침구요법,,['집문당'],30000,630dbd6a68554000236d9fd8,5cf8bbba0098b2225c5dfaa3,전문서적
361,인간과 상징,,['집문당'],40000,630dbd6d68554000236d9fd9,5cf8bbba0098b2225c5dfaa3,기타
362,(증보판)사상의학의 원리와 방제,,['집문당'],48000,630dbd6f68554000236d9fda,5cf8bbba0098b2225c5dfaa3,전문서적
363,여과백문,,['집문당'],25000,630dbd7068554000236d9fdb,5cf8bbba0098b2225c5dfaa3,기타
364,근대 중국 동서의학 논쟁사,,['집문당'],35000,630dbd7168554000236d9fdc,5cf8bbba0098b2225c5dfaa3,전문서적
365,만성피로의 기능의학적 관리,,['대한의학서적'],35000,63182f446c2e37002369d6b4,5cf8bbba0098b2225c5dfaa3,전문서적
366,근골격계 X선 사진의 정상 해부와 진단,2020 세종도서 우수학술도서 선정,['대한의학서적'],30000,63182f456c2e37002369d6b5,5cf8bbba0098b2225c5dfaa3,전문서적
367,임상 근골격계 이학적 검사법,,['대한의학서적'],50000,63182f466c2e37002369d6b6,5cf8bbba0098b2225c5dfaa3,전문서적
368,내분비학 다시 배우기,,['대한의학서적'],60000,63182f476c2e37002369d6b7,5cf8bbba0098b2225c5dfaa3,전문서적
369,건선 치료 마스터,판상 건선의 재래식 치료법,['대한의학서적'],50000,63182f486c2e37002369d6b8,5cf8bbba0098b2225c5dfaa3,전문서적
370,임상족부학과 족부보조기,,['대한의학서적'],70000,63182f4a6c2e37002369d6b9,5cf8bbba0098b2225c5dfaa3,전문서적
371,기능의학적 시각으로 비만관리 시작하기,비만관리를 위한 새로운 각도의 접근법,['대한의학서적'],40000,63182f4b6c2e37002369d6ba,5cf8bbba0098b2225c5dfaa3,전문서적
372,일차진료 Clinical Manual 7판,일차진료 클리니컬 매뉴얼,['대한의학서적'],50000,63182f4c6c2e37002369d6bb,5cf8bbba0098b2225c5dfaa3,전문서적
373,醫學心悟(의학심오) 톺아보기,고전에서 배우는 한의치료 오뒷세이아①,['물고기숲'],45000,63182f4d6c2e37002369d6bc,5cf8bbba0098b2225c5dfaa3,전문서적
374,피부질환의 약물과 치료,2018 대한민국 학술원 우수학술도서 선정,['대한의학서적'],150000,631832326c2e37002369d6fe,5cf8bbba0098b2225c5dfaa3,전문서적
375,[보수교육] 대한암한의학회 온라인 보수교육 ,정회원이시면 옵션에서 선택해주세요.,[],60000,5f6077bfa0b91001bf490268,5ea40b671a3ca36b967849ad,전문서적
376,[보수교육] 대한한의영상학회 온라인 강의,근골격계 X-ray 심화과정,['대한한의영상학회'],280000,5f28c38fa0b91001bf48b62f,5ea40b671a3ca36b967849ad,전문서적
377,방성혜 피부과 전문의서 처방 강의,실제 임상 Case와 조문 활용의 만남,[],0,5f2889a8a0b91001bf48b5e7,5ea40b671a3ca36b967849ad,전문서적
379,[보수교육] 대한희귀난치질환학회 온라인 보수교육,말초신경 약침의학,[],280000,5f28cee2a0b91001bf48b655,5ea40b671a3ca36b967849ad,전문서적
380,방성혜 부인과 전문의서 처방 강의,한의학에서는 부인과 치료를 어떻게 했을까?,[],0,5f28874bf05d685c4f22f508,5ea40b671a3ca36b967849ad,전문서적
381,[보수교육] 대한두피탈모학회 온라인 보수교육 ,일차진료 한의사를 위한 탈모치료의 A부터 Z까지,[],40000,5f81737848060c52caf16665,5ea40b671a3ca36b967849ad,전문서적
382,[보수교육] 대한한방부인과학회 온라인 보수교육,온라인 보수교육,[],55000,5f96e82b512031633431fb6e,5ea40b671a3ca36b967849ad,전문서적
383,[보수교육] 한방비만학회 온라인 보수교육,"보수교육 평점 2점, 20.12.14일 (월) 오전 9시 ~ 20.12.20 (일) 오후 11시 59분",[],40000,5f9bdeed512031633432095e,5ea40b671a3ca36b967849ad,전문서적
384,한의원과 세금 : 기본편 & 개원편,메디클래스 세무 기본편 & 개원편 (21.07.23 업데이트),[],88000,5fae366e512031633432366d,5ea40b671a3ca36b967849ad,전문서적
385,[보수교육] 한방척추관절학회 온라인 보수교육,20.11.16 (월) 9시 - 20.11.21 (토) 20시,[],66000,5fa0f4f75120316334321410,5ea40b671a3ca36b967849ad,전문서적
386,한방척추관절학회 온라인 보수교육 (학생),한의대생을 위한 강의입니다.,[],16500,5fa0f6cc512031633432141c,5ea40b671a3ca36b967849ad,전문서적
387,대한암한의학회 온라인 보수교육 (학생),학생용 강좌입니다.,[],60000,5f85567a512031633431e063,5ea40b671a3ca36b967849ad,전문서적
388,대한두피탈모학회 온라인 보수교육 (학생),일차진료 한의사를 위한 탈모치료의 A부터 Z까지,[],20000,5f85602a512031633431e084,5ea40b671a3ca36b967849ad,전문서적
389,[보수교육] 대한연부조직한의학회 온라인 보수교육,학회원 전용 보수교육입니다.,[],0,5f8c4e10512031633431e8a1,5ea40b671a3ca36b967849ad,전문서적
390,[보수교육] 대한예방한의학회 온라인 보수교육,COVID-19 대유행과 예방한의학의 역할,[],55000,5fa2607651203163343216d8,5ea40b671a3ca36b967849ad,전문서적
391,[보수교육] 척추신경추나의학회 온라인 보수교육,20.12.21 오전 10시 - 20.12.31 오후 11시 59분 까지,[],50000,5fc46353ce872a1a803a8c1c,5ea40b671a3ca36b967849ad,전문서적
392,[보수교육] 대한한의통증제형학회 온라인 강의,보수교육 종료,[],60000,5fd056631c6ef3001a114db9,5ea40b671a3ca36b967849ad,전문서적
393,[보수교육] 대한한의통증제형학회 온라인 보수교육 (학생),식약공용한약재에 대한 이해,[],10000,5fd074471c6ef3001a114e13,5ea40b671a3ca36b967849ad,전문서적
394,[보수교육] 사암침법학회 온라인 보수교육,2020년 12월 20일 (일) 오전 10시 - 2020년 12월 31일 (수) 오후 11시 59분,[],60000,5fd34b1f0204ef001a67f851,5ea40b671a3ca36b967849ad,전문서적
395,사암침법학회 온라인 보수교육 (학생),"삼부침법과 삼태극침법, 사암정신치료(마음침법) 임상강의",[],15000,5fd358061c6ef3001a115260,5ea40b671a3ca36b967849ad,전문서적
396,[보수교육] 대한약침학회 온라인 보수교육,2020년 12월 18일 (목) 오전 10시 - 2020년 12월 31일 (금) 오후 11시 59분,[],60000,5fd368b71c6ef3001a115272,5ea40b671a3ca36b967849ad,전문서적
397,대한약침학회 온라인 보수교육 (학생),근골격계 기능부전에 대한 촉진(palpation)가이드 약침시술,[],40000,5fd36cdc1c6ef3001a115282,5ea40b671a3ca36b967849ad,전문서적
398,선우항 선생님의 청구 원포인트 레슨,실전 보험청구 강의,[],77000,5fdc2e5cfccb62001a21dca6,5ea40b671a3ca36b967849ad,교육
399,권기종 변호사의 의료분쟁 대응요령 따라하기,MediClass,[],154000,5feac538a77711001b8a6d6c,5ea40b671a3ca36b967849ad,전문서적
400,한방재활의학과학회 온라인 학술대회 (삭제해야함),2021년 1월 25일 (월) 오전 9시 ~ 2021년 1월 31일 (일) 오후 11시 59분,[],90000,5ffd312c5ae455001b21a0ee,5ea40b671a3ca36b967849ad,전문서적
401,[보수교육] 한방재활의학과학회 온라인 학술대회,2021년 1월 25일 (월) 오전 9시 ~ 2021년 1월 31일 (일) 오후 11시 59분,[],90000,5ffd3553d6491c001b17883d,5ea40b671a3ca36b967849ad,전문서적
402,[보수교육] 대한약침학회 2021년 상반기 온라인 보수교육,2021년 1월 25일 (월) 오전 10시 ~ 2021년 2월 7일 (일) 오후 11시 59분,[],60000,5fffb43d5ae455001b21a238,5ea40b671a3ca36b967849ad,전문서적
403,대한약침학회 2021년 상반기 온라인 보수교육 (삭제해야함),2021년 1월 25일 (월) 오전 10시 ~ 2020년 2월 7일 (일) 오후 11시 59분,[],50000,5fffb8485ae455001b21a248,5ea40b671a3ca36b967849ad,전문서적
404,대한약침학회 2021년 상반기 온라인 보수교육 (삭제해야함),2021년 1월 25일 (월) 오전 10시 ~ 2020년 2월 7일 (일) 오후 11시 59분,[],40000,5fffbafd5ae455001b21a24a,5ea40b671a3ca36b967849ad,전문서적
405,대한약침학회 2021년 상반기 온라인 보수교육 (학생),2021년 1월 25일 (월) 오전 10시 ~ 2021년 2월 7일 (일) 오후 11시 59분,[],40000,5fffc0195ae455001b21a251,5ea40b671a3ca36b967849ad,전문서적
406,[보수교육] 턱관절균형의학회 2021 상반기 온라인 보수교육,,[],50000,601d05632c593a001ace9b6e,5ea40b671a3ca36b967849ad,전문서적
407,(학생) 턱관절균형의학회 2021 상반기 온라인 보수교육,,[],30000,601d0564527223001a20814d,5ea40b671a3ca36b967849ad,전문서적
408,Dr. pascal의 신장내과 블록 강의 (210221),"1세션 4회 강의, 총 3세션, 2/21시작, 매주 일요일 20:30-23:00",[],840000,6021f12f2c593a001ace9eba,5ea40b671a3ca36b967849ad,전문서적
409,임상해부학 ,임상해부학 강의를 시작합니다.,[],88000,60236e092c593a001ace9ffa,5ea40b671a3ca36b967849ad,전문서적
410,[보수교육] 수족냉증의 사상의학적 진단과 치료,2021년 2월 22일 (월) 오전 10시 ~ 2021년 3월 7일 (일) 오후 11시 59분,[],60000,6029d0732c593a001acea834,5ea40b671a3ca36b967849ad,전문서적
411,[학생] 수족냉증의 사상의학적 진단과 치료,2021년 2월 22일 (월) 오전 10시 ~ 2021년 3월 7일 (일) 오후 11시 59분,[],40000,6029d075527223001a2090c6,5ea40b671a3ca36b967849ad,전문서적
412,[보수교육] 대한두피탈모학회 2021년 춘계 온라인 보수교육,사전등록 21.03.05 (금) 까지!,[],60000,6035faa3643a8a0019f2ae46,5ea40b671a3ca36b967849ad,전문서적
413,[학생] 대한두피탈모학회 2021년 춘계 온라인 보수교육,사전등록 21.03.05 (금) 까지!,[],50000,6035faa5643a8a0019f2ae47,5ea40b671a3ca36b967849ad,전문서적
414,대한미병의학회 2021년 온라인 춘계 학술 세미나,2021년 3월 13일 (토) 오전 10시 ~ 2021년 3월 21일 (일) 오후 11시 59분,[],60000,604710c90ccc56001bc78438,5ea40b671a3ca36b967849ad,전문서적
415,[학생] 대한미병의학회 2021년 온라인 춘계 학술 세미나,2021년 3월 13일 (토) 오전 10시 ~ 2021년 3월 21일 (일) 오후 11시 59분,[],30000,604710cbc1908b001a63a606,5ea40b671a3ca36b967849ad,전문서적
416,[보수교육] 2021년 한방비만학회 온라인 정기총회 및 보수교육,2021년 3월 22일 (월) 오전 09시 ~ 2021년 3월 27일 (토) 오후 23시 59분,[],60000,6048e0ec0ccc56001bc78648,5ea40b671a3ca36b967849ad,전문서적
417,[학생] 2021년 한방비만학회 온라인 정기총회 및 보수교육,2021년 3월 22일 (월) 오전 09시 ~ 2021년 3월 27일 (토) 오후 23시 59분,[],60000,6048e0edc1908b001a63a8d9,5ea40b671a3ca36b967849ad,전문서적
418,[보수교육] 2021년 대한약침학회 온라인 보수교육 (3월),"혈기보양약침의 개요, 주천침법, 임상례",[],60000,6051b08a0ccc56001bc78e6e,5ea40b671a3ca36b967849ad,전문서적
419,[학생] 2021년 대한약침학회 온라인 보수교육 (3월),"혈기보양약침의 개요, 주천침법, 임상례",[],60000,6051b08c0ccc56001bc78e6f,5ea40b671a3ca36b967849ad,전문서적
420,[보수교육] 대한한방부인과학회 2021년 춘계 온라인 학술대회,여성 내분비 질환과 약물의 안전성,[],66000,605452bfc1908b001a63b702,5ea40b671a3ca36b967849ad,전문서적
421,[보수교육] 2021년 대한상한금궤의학회 온라인 춘계학술대회,상한론 변병진단체계로 근골격계 질환 접근하기,[],55000,605927880ccc56001bc79624,5ea40b671a3ca36b967849ad,전문서적
422,[학생] 2021년 대한상한금궤의학회 온라인 춘계학술대회,상한론 변병진단체계로 근골격계 질환 접근하기,[],55000,6059278ac1908b001a63bc18,5ea40b671a3ca36b967849ad,전문서적
423,[보수교육] 대한한방신경정신과학회 온라인 학술대회,한의원에서 반드시 알아야 할 정신건강 위기관리,[],60000,605f204ec1908b001a63c548,5ea40b671a3ca36b967849ad,전문서적
424,[학생] 대한한방신경정신과학회 온라인 학술대회,한의원에서 반드시 알아야 할 정신건강 위기관리,[],60000,605f2050c1908b001a63c549,5ea40b671a3ca36b967849ad,전문서적
425,한의사 정신건강 월례회 1차,신의료기술 ’감정자유기법‘의 이해와 PTSD에의 적용,[],100,6069594cc1908b001a63d2c9,5ea40b671a3ca36b967849ad,전문서적
426,[보수교육] 2021년 대한암한의학회 온라인 보수교육 및 춘계학술대회,암 환자 진료를 위한 한의 임상 강의,[],70000,606d17eac1908b001a63d79f,5ea40b671a3ca36b967849ad,전문서적
427,[학생] 2021년 대한암한의학회 온라인 보수교육 및 춘계학술대회,암 환자 진료를 위한 한의 임상 강의,[],20000,606d17eb0ccc56001bc7ac0e,5ea40b671a3ca36b967849ad,전문서적
428,[보수교육] 2021년 대한약침학회 온라인 보수교육 (4월),안이비인후질환에 사용되는 약침,[],60000,60755cfac1908b001a63e164,5ea40b671a3ca36b967849ad,전문서적
429,[학생] 2021년 대한약침학회 온라인 보수교육 (4월),안이비인후질환에 사용되는 약침,[],40000,60755cfb0ccc56001bc7b329,5ea40b671a3ca36b967849ad,전문서적
430,[보수교육] 한방비만학회 2021년 산삼비만약침 & 감로수 디톡스 다이어트 온라인 연수강좌,2021년 5월 10일 (월) 오전 9시 ~ 2021년 5월 16일 (일) 오후 11시 59분,[],40000,607906aa0ccc56001bc7b700,5ea40b671a3ca36b967849ad,전문서적
431,[보수교육] 2021년 대한한방내과학회 상반기 온라인 학술대회,일차의료현장의 중심 한방내과 & 라이브 증례보고 : 한방내과 임상의 실제,[],40000,607cfe93c1908b001a63e9ac,5ea40b671a3ca36b967849ad,전문서적
432,[학생] 2021년 대한한방내과학회 상반기 온라인 학술대회,일차의료현장의 중심 한방내과 & 라이브 증례보고 : 한방내과 임상의 실제,[],20000,607cfe95c1908b001a63e9ad,5ea40b671a3ca36b967849ad,전문서적
433,[보수교육] 한방척추관절학회 2021년 춘계학술대회,척추질환의 침도요법,[],66000,6087daa70ccc56001bc7c573,5ea40b671a3ca36b967849ad,전문서적
434,[학생] 한방척추관절학회 2021년 춘계학술대회,척추질환의 침도요법,[],11000,6087daa8c1908b001a63f8ab,5ea40b671a3ca36b967849ad,전문서적
435,한의사 정신건강 월례회 2차 강의,"5월 10일 (월)까지, 주제 : 한의학 상담",[],100,608a9e540ccc56001bc7ca6b,5ea40b671a3ca36b967849ad,전문서적
436,[보수교육] 대한한방안이비인후피부과 2021년 춘계 학술대회,2021년 5월 8일 (토) 오전 10시 ~ 5월 15일 (토) 오후 11시 59분,[],50000,608badbbc1908b001a6402ca,5ea40b671a3ca36b967849ad,전문서적
437,[학생] 대한한방안이비인후피부과 2021년 춘계 학술대회,2021년 5월 8일 (토) 오전 10시 ~ 5월 15일 (토) 오후 11시 59분,[],20000,608badbdc1908b001a6402cb,5ea40b671a3ca36b967849ad,전문서적
438,[보수교육] 대한예방한의학회 2021년 춘계 학술대회,2021년 05월 16일 (일) 오전 10시 ~ 2021년 05월 23일 (일) 오후 11시 59분,[],55000,608fa8e6c1908b001a640760,5ea40b671a3ca36b967849ad,전문서적
439,[학생] 대한예방한의학회 2021년 춘계 학술대회,2021년 05월 16일 (일) 오전 10시 ~ 2021년 05월 23일 (일) 오후 11시 59분,[],22000,608fa8e80ccc56001bc7ce5c,5ea40b671a3ca36b967849ad,전문서적
440,[보수교육] 2021년 대한약침학회 온라인 보수교육 (5월),경근이완약침 개론,[],60000,609a3a630ccc56001bc7db45,5ea40b671a3ca36b967849ad,전문서적
441,[학생] 2021년 대한약침학회 온라인 보수교육 (5월),경근이완약침 개론,[],40000,609a3a64c1908b001a64192d,5ea40b671a3ca36b967849ad,전문서적
442,[보수교육] 한국의사한의사복수면허자협회 온라인 학술세미나,2021년 5월 24일 (월) ~ 6월 6일 (일),[],50000,609cd31dc1908b001a641d22,5ea40b671a3ca36b967849ad,전문서적
443,[학생] 한국의사한의사복수면허자협회 온라인 학술세미나,2021년 5월 24일 (월) ~ 6월 6일 (일),[],30000,609cd31ec1908b001a641d23,5ea40b671a3ca36b967849ad,전문서적
444,[제31기 전졸협] 국시특강 간계내과학,[제31기 전졸협] 국시특강,[],0,609e4740c1908b001a641f11,5ea40b671a3ca36b967849ad,교육
445,[제31기 전졸협] 국시특강 심계내과학,[제31기 전졸협] 국시특강,[],0,609e47410ccc56001bc7dfbb,5ea40b671a3ca36b967849ad,교육
446,[제31기 전졸협] 국시특강 비계내과학,[제31기 전졸협] 국시특강,[],0,609e4743c1908b001a641f12,5ea40b671a3ca36b967849ad,교육
447,[제31기 전졸협] 국시특강 폐계내과학,[제31기 전졸협] 국시특강,[],0,609e4745c1908b001a641f13,5ea40b671a3ca36b967849ad,교육
448,[제31기 전졸협] 국시특강 신계내과학,[제31기 전졸협] 국시특강,[],0,609e4745c1908b001a641f14,5ea40b671a3ca36b967849ad,교육
449,[제31기 전졸협] 국시특강 상한론,[제31기 전졸협] 국시특강,[],0,609e47460ccc56001bc7dfbc,5ea40b671a3ca36b967849ad,교육
450,[제31기 전졸협] 국시특강 사상의학,[제31기 전졸협] 국시특강,[],0,609e47470ccc56001bc7dfbd,5ea40b671a3ca36b967849ad,교육
451,[제31기 전졸협] 국시특강 침구학,[제31기 전졸협] 국시특강,[],0,609e4747c1908b001a641f15,5ea40b671a3ca36b967849ad,교육
452,[제31기 전졸협] 국시특강 보건의약관계법규,[제31기 전졸협] 국시특강,[],0,609e47480ccc56001bc7dfbe,5ea40b671a3ca36b967849ad,교육
453,[제31기 전졸협] 국시특강 외과학,[제31기 전졸협] 국시특강,[],0,609e47490ccc56001bc7dfbf,5ea40b671a3ca36b967849ad,교육
454,[제31기 전졸협] 국시특강 신경정신과학,[제31기 전졸협] 국시특강,[],0,609e47490ccc56001bc7dfc0,5ea40b671a3ca36b967849ad,교육
455,[제31기 전졸협] 국시특강 안이비인후과학,[제31기 전졸협] 국시특강,[],0,609e474ac1908b001a641f16,5ea40b671a3ca36b967849ad,교육
456,[제31기 전졸협] 국시특강 부인과학,[제31기 전졸협] 국시특강,[],0,609e474b0ccc56001bc7dfc1,5ea40b671a3ca36b967849ad,교육
457,[제31기 전졸협] 국시특강 소아과학,[제31기 전졸협] 국시특강,[],0,609e474b0ccc56001bc7dfc2,5ea40b671a3ca36b967849ad,교육
458,[제31기 전졸협] 국시특강 예방의학,[제31기 전졸협] 국시특강,[],0,609e474c0ccc56001bc7dfc3,5ea40b671a3ca36b967849ad,교육
459,[제31기 전졸협] 국시특강 본초학,[제31기 전졸협] 국시특강,[],0,609e474cc1908b001a641f17,5ea40b671a3ca36b967849ad,교육
460,[제31기 전졸협] 국시특강 한방생리학,[제31기 전졸협] 국시특강,[],0,609e474d0ccc56001bc7dfc4,5ea40b671a3ca36b967849ad,교육
461,[보수교육] 2021년 경락경혈학회 하계 학술대회 (5월),2021년 5월 24일 (월) 오전 10시 ~ 2021년 5월 31일 (월) 오후 11시 59분,[],100000,60a340b10ccc56001bc7e51d,5ea40b671a3ca36b967849ad,전문서적
462,[학생] 2021년 경락경혈학회 하계 학술대회(학생) (5월),2021년 5월 24일 (월) 오전 10시 ~ 2021년 5월 31일 (월) 오후 11시 59분,[],50000,60a340b20ccc56001bc7e51e,5ea40b671a3ca36b967849ad,전문서적
463,[정회원] 2021년 통합뇌질환학회 파킨슨병 연수강좌 녹화본,교육기간: 2021.05.24 (월) ~ 2021.05.30 (일),[],80000,60a5bfcec1908b001a648b6d,5ea40b671a3ca36b967849ad,전문서적
464,[비회원] 2021년 통합뇌질환학회 파킨슨병 연수강좌 녹화본,교육기간: 2021.05.24 (월) ~ 2021.05.30 (일),[],140000,60a5bfcec1908b001a648b6e,5ea40b671a3ca36b967849ad,전문서적
465,[보수교육] 2021 대한본초학회-대한한의학방제학회 통합 학술대회,"2021.06.26 (토) 14:00 ~ 17:30, 줌 라이브 강의",[],50000,60ac8d8b0ccc56001bc7ece9,5ea40b671a3ca36b967849ad,전문서적
466,[학생] 2021 대한본초학회-대한한의학방제학회 통합 학술대회,"2021.06.26 (토) 14:00 ~ 17:30, 줌 라이브 강의",[],20000,60ac8d8c0ccc56001bc7ecea,5ea40b671a3ca36b967849ad,전문서적
467,[보수교육] 2021 한방재활의학과학회 온라인 춘계 학술세미나,"2021.06.21(월), 09:00 ~ 2021.06.27(일), 23:59",[],90000,60af5d53c1908b001a6497de,5ea40b671a3ca36b967849ad,전문서적
468,한의사 정신건강 월례회 3차 강의,"6월 14일 (월)까지, 주제 : 임상진료지침 활용 가이드",[],100,60b99274c1908b001a64a793,5ea40b671a3ca36b967849ad,전문서적
469,[보수교육] 2021년 대한약침학회 온라인 보수교육 (6월),2021년 6월 21일(월)~7월 4일(일),[],60000,60bedeee0ccc56001bc8006b,5ea40b671a3ca36b967849ad,전문서적
470,[학생] 2021년 대한약침학회 온라인 보수교육 (6월),2021년 6월 21일(월)~7월 4일(일),[],40000,60bedef00ccc56001bc8006c,5ea40b671a3ca36b967849ad,전문서적
471,[전국한의학 학술대회] 대한한의학회 강의,전국한의학 학술대회 시연 강의,[],100000,60befe430ccc56001bc8009c,5ea40b671a3ca36b967849ad,전문서적
472,통합뇌질환학회 제1차 학술 집담회 ,"2021년 7월 8일(목), 17:30 / 줌 라이브 강의 ",[],10000,60c808f0c1908b001a64b8ce,5ea40b671a3ca36b967849ad,전문서적
473,통합방제학 관점에서의 크라시에 제제 처방활용,,['엑스과립'],0,60c86632c1908b001a64b986,5ea40b671a3ca36b967849ad,전문서적
474,한의사 정신건강 월례회 4차 강의,"7월 12일 (월)까지, 주제 : 한의 치매환자 건강관리 매뉴얼",[],100,60dd47f7d26af90681b1a6d0,5ea40b671a3ca36b967849ad,전문서적
475,2021 어르신 한의약 건강증진 사업 2차 온라인 교육,"2021년 8월 19일(목), 10:00 ~ 2021년 9월 2일(목), 23:59",[],0,60de824b09c63a06ed145b14,5ea40b671a3ca36b967849ad,전문서적
476,말초신경 약침의학 임상,대한희귀난치질환학회 온라인 약침의학 강의,[],297000,60debef209c63a06ed145b69,5ea40b671a3ca36b967849ad,전문서적
477,[보수교육] 2021년 대한약침학회 온라인 보수교육 (7월),2021년 7월 19일(월)~8월 1일(일),[],60000,60e2ba27d26af90681b1ac08,5ea40b671a3ca36b967849ad,전문서적
478,[학생] 2021년 대한약침학회 온라인 보수교육 (7월),2021년 7월 19일(월)~8월 1일(일),[],40000,60e2ba28d26af90681b1ac09,5ea40b671a3ca36b967849ad,전문서적
479,"[특강] AI, 뇌과학, 한의학 무엇?",김창업 교수님 X Medistream 웨비나,[],100,60e7b9fbd26af90681b1b54b,5ea40b671a3ca36b967849ad,전문서적
480,신민섭 교수님의 근골격계 MRI,Acupuncture Radiology,[],363000,60ecfb03d26af90681b1bed7,5ea40b671a3ca36b967849ad,전문서적
481,"[특강] '한의대생, 길을 묻다' 첫 번째 진로 세미나",이두석 메디스트림 연구소장님의 '한약 기초연구부터 상용화까지',[],100,60f92b6709c63a06ed147897,5ea40b671a3ca36b967849ad,전문서적
482,한의사 정신건강 월례회 5차 강의,"8월 9일(월)까지, 주제 : 임상현장에서 활용하는 명상",[],100,60fe4fe3d26af90681b1d510,5ea40b671a3ca36b967849ad,전문서적
483,로컬한의원을 위한 한방치질치료 A TO Z,성강원 원장님 치질 강의: 로컬 한의원을 위한 비급여 프로세스 강의 : 치질편,[],165000,6101025109c63a06ed147de7,5ea40b671a3ca36b967849ad,전문서적
484,"[특강] '한의대생, 길을 묻다' 두 번째 진로 세미나",강남자생한방병원 이진호 병원장님의 '인턴부터 병원장까지',[],100,61020c27d26af90681b1d931,5ea40b671a3ca36b967849ad,전문서적
485,[보수교육] 2021년 대한약침학회 온라인 보수교육(8월),2021년 8월 16일(월)~8월 29일(일),[],60000,6107a456d26af90681b1df55,5ea40b671a3ca36b967849ad,전문서적
486,[학생] 2021년 대한약침학회 온라인 보수교육(8월),2021년 8월 16일(월)~8월 29일(일),[],40000,6107a45809c63a06ed14835f,5ea40b671a3ca36b967849ad,전문서적
487,"윤상훈, 권병조의 알짜 근육학 강의",4시간 안에 끝내는 핵심 근육학,[],99000,6107a90ad26af90681b1df70,5ea40b671a3ca36b967849ad,전문서적
488,[2022전국한의학학술대회] MET에 근거한 경근추나,,[],0,61147b62d26af90681b1f40e,5ea40b671a3ca36b967849ad,전문서적
489,[서울특별시한의사회] 학술대회 강의 (진도율 미관리용),진도율 미관리용,[],1000,6114e3c709c63a06ed149474,5ea40b671a3ca36b967849ad,전문서적
490,"[특강] '한의대생, 길을 묻다' 세 번째 진로 세미나","권승원 교수님의 '전문의 길, 교수의 길'",[],100,6115f551d26af90681b1f68f,5ea40b671a3ca36b967849ad,전문서적
491,한의사 정신건강 월례회 6차 강의,"9월 6일(월)까지, 주제 : 임상현장에서 활용하는 명상 2",[],100,6126f575d26af90681b20d14,5ea40b671a3ca36b967849ad,전문서적
492,정용재의 사상의학 사용설명서,정용재의 사상의학 사용설명서,[],231000,6135f09297686100197d7c4c,5ea40b671a3ca36b967849ad,전문서적
493,[보수 교육] 2021년 대한상한금궤의학회 추계 학술대회,"2021년 10월 1일(금), 10:00 ~ 2021년 10월 15일(금), 23:59",[],55000,61371e4c3b4626001a056114,5ea40b671a3ca36b967849ad,전문서적
494,[학생] 2021년 대한상한금궤의학회 추계 학술대회,"2021년 10월 1일(금), 10:00 ~ 2021년 10월 15일(금), 23:59",[],30000,6137304e3b4626001a056155,5ea40b671a3ca36b967849ad,전문서적
495,[보수교육] 2021 한방재활의학과학회 온라인 추계 학술세미나,"2021년 10월 18일(월), 10:00 ~ 2021년 10월 25일(월), 23:59",[],80000,613aceeb6b61d0001afbb3ae,5ea40b671a3ca36b967849ad,전문서적
496,[보수교육] 대한한방안이비인후피부과학회 2021년 추계 학술대회,"2021년 11월 1일(월), 10:00 ~ 2021년 11월 8일(월), 23:59",[],50000,614d740a4cf9a5002287b74a,5ea40b671a3ca36b967849ad,전문서적
497,[학생] 대한한방안이비인후피부과학회 2021년 추계 학술대회,2021년 5월 8일 (토) 오전 10시 ~ 5월 15일 (토) 오후 11시 59분,[],20000,614d75b24cf9a5002287b75b,5ea40b671a3ca36b967849ad,전문서적
498,한의사 정신건강 월례회 7차 강의,"10월 11일(월)까지, 정신장애에 대한 임상진료지침 활용 가이드(실전편)",[],100,61527c274cf9a5002287bdf7,5ea40b671a3ca36b967849ad,전문서적
499,[보수교육] 서울특별시한의사회 임상 특강,2021년 10월 25일(월) ~ 2021년 10월 31일(일),[],40000,6153c87c4cf9a5002287c4a6,5ea40b671a3ca36b967849ad,전문서적
500,[학생] 서울특별시한의사회 임상 특강,2021년 10월 25일(월) ~ 2021년 10월 31일(일),[],10000,6153c87e4cf9a5002287c4a7,5ea40b671a3ca36b967849ad,전문서적
501,[보수교육] 대한미병의학회 2021 추계 학술세미나,2021년 11월 13일(토) ~ 2021년 11월 21일(일),[],60000,6156bffa4cf9a5002287d2c3,5ea40b671a3ca36b967849ad,전문서적
502,[학생] 대한미병의학회 2021 추계 학술세미나,2021년 11월 13일(토) ~ 2021년 11월 21일(일),[],30000,6156bffb4cf9a5002287d2c4,5ea40b671a3ca36b967849ad,전문서적
504,[보수교육] 2021년 대한약침학회 온라인 보수교육(10월),2021년 10월 11일(월) ~ 2021년 10월 25일(월),[],60000,615a8a084cf9a5002287d746,5ea40b671a3ca36b967849ad,전문서적
505,[학생] 2021년 대한약침학회 온라인 보수교육(10월),2021년 10월 11일(월) ~ 2021년 10월 25일(월),[],40000,615a8a0a4cf9a5002287d747,5ea40b671a3ca36b967849ad,전문서적
506,통합뇌질환학회 제2차 학술집담회,"2021년 10월 21일(목), 17:30~18:30 / ZOOM 라이브 강의 ",[],10000,615d676d4cf9a5002287dfd8,5ea40b671a3ca36b967849ad,전문서적
507,대한침구의학회 2021 추계 학술대회,2021년 11월 19일(금) ~ 2021년 11월 30일(화),[],100000,615e51a84cf9a5002287e1f6,5ea40b671a3ca36b967849ad,전문서적
508,AJA 자생 국제학술대회 온라인 보수교육,"2021.11.21(일), 09:00 ~ 18:00",[],0,616588604cf9a5002287f250,5ea40b671a3ca36b967849ad,전문서적
509,[보수교육] 한의기능영양학회 2021년 학술세미나,"2021.10.27(수) ~ 11.10(수) & 2021.11.24(수) ~ 12.8(수), 2회 진행",[],200000,616684e24cf9a5002287f50b,5ea40b671a3ca36b967849ad,전문서적
510,[보수교육] 대한한방부인과학회 추계 학술대회,2021년 11월 24일(수) ~ 2021년 11월 30일(화),[],55000,616e63a64cf9a5002288097a,5ea40b671a3ca36b967849ad,전문서적
511,[보수교육] 2021년 한방비만학회 온라인 연수강좌,2021년 12월 6일(월) ~ 2021년 12월 20일(월),[],80000,616e63a74cf9a5002288097b,5ea40b671a3ca36b967849ad,전문서적
512,[학생] 2021년 한방비만학회 온라인 연수강좌,2021년 12월 6일(월) ~ 2021년 12월 20일(월),[],35000,616e63a84cf9a5002288097c,5ea40b671a3ca36b967849ad,전문서적
513,[보수교육] 대한한방부인과학회 추계 학술대회(사용안함),2021년 11월 24일(수) ~ 2021년 11월 30일(화),[],55000,616e64324cf9a5002288097d,5ea40b671a3ca36b967849ad,전문서적
514,[보수교육] 2021년 한방비만학회 온라인 연수강좌(사용안함),2021년 12월 6일(월) ~ 2021년 12월 20일(월),[],80000,616e64344cf9a5002288097e,5ea40b671a3ca36b967849ad,전문서적
515,[학생] 2021년 한방비만학회 온라인 연수강좌(사용안함),2021년 12월 6일(월) ~ 2021년 12월 20일(월),[],35000,616e64364cf9a5002288097f,5ea40b671a3ca36b967849ad,전문서적
516,[보수교육] 한방척추관절학회 전문가 과정(16기-회원),2021년 11월 15일(월) ~ 2021년 11월 30일(화),[],600000,616f7c104cf9a50022880bfc,5ea40b671a3ca36b967849ad,전문서적
517,[보수교육] 한방척추관절학회 전문가 과정(16기-비회원),2021년 11월 15일(월) ~ 2021년 11월 30일(화),[],600000,616f7c124cf9a50022880bfd,5ea40b671a3ca36b967849ad,전문서적
518,[보수교육] 한국의사한의사복수면허자협회 온라인 학술세미나,2021년 11월 29일(월) ~ 2021년 12월 13일(월),[],50000,616f7c144cf9a50022880bfe,5ea40b671a3ca36b967849ad,전문서적
519,[학생] 한국의사한의사복수면허자협회 온라인 학술세미나,2021년 11월 29일(월) ~ 2021년 12월 13일(월),[],30000,616f7c154cf9a50022880bff,5ea40b671a3ca36b967849ad,전문서적
520,한의사 정신건강 월례회 8차 강의,"11월 8일(월)까지, 재난트라우마 한의사 진료 매뉴얼",[],100,6178a210bc63410023471031,5ea40b671a3ca36b967849ad,전문서적
521,[보수교육] 대한두피탈모학회 2021년 추계 보수교육,2021년 11월 15일(월) ~ 2021년 11월 29일(월),[],40000,6179e89dbc634100234716e2,5ea40b671a3ca36b967849ad,전문서적
522,[학생] 대한두피탈모학회 2021년 추계 보수교육,2021년 11월 15일(월) ~ 2021년 11월 29일(월),[],10000,6179e89fbc634100234716e3,5ea40b671a3ca36b967849ad,전문서적
523,[보수교육] 2021년 대한예방한의학회-한국한의약진흥원 공동학술대회,"11월 21일(일), 온라인 실시간 강의 + 12월 4일(토) ~ 12월 11일(토) 녹화본 강의",[],55000,617b9476bc63410023472106,5ea40b671a3ca36b967849ad,전문서적
524,[학생] 2021년 대한예방한의학회-한국한의약진흥원 공동학술대회,"11월 21일(일), 온라인 실시간 강의 + 12월 4일(토) ~ 12월 11일(토) 녹화본 강의",[],22000,617b9478bc63410023472107,5ea40b671a3ca36b967849ad,전문서적
525,[보수교육] 2021년 대한약침학회 온라인 보수교육(11월),2021년 11월 8일(월) ~ 2021년 11월 22일(월),[],60000,617f53aabc63410023472896,5ea40b671a3ca36b967849ad,전문서적
526,[학생] 2021년 대한약침학회 온라인 보수교육(11월),2021년 11월 8일(월) ~ 2021년 11월 22일(월),[],40000,617f53acbc63410023472897,5ea40b671a3ca36b967849ad,전문서적
527,대전시한의사회 임상 특강,2021년 11월 8일(월) ~ 2021년 12월 6일(월),[],30000,617f9f99bc63410023472b24,5ea40b671a3ca36b967849ad,전문서적
528,2021년 통합뇌질환학회 학술대회,"2021년 11월 27일(토), 18:30 ~ 21:30",[],50000,6180e473bc634100234731cf,5ea40b671a3ca36b967849ad,전문서적
529,대한한방안이비인후피부과학회 추계 학술대회-2강 강의 ,성현경 세명대학교 교수 ,[],0,6189da3ebc63410023475444,5ea40b671a3ca36b967849ad,전문서적
530,[보수교육] 대한한방신경정신과학회 추계 학술대회,2021년 12월 16일(목) ~ 2021년 12월 22일(수),[],60000,61970fb3bc63410023478490,5ea40b671a3ca36b967849ad,전문서적
531,[학생] 대한한방신경정신과학회 추계 학술대회,2021년 12월 16일(목) ~ 2021년 12월 22일(수),[],20000,61970fb5bc63410023478491,5ea40b671a3ca36b967849ad,전문서적
532,[보수교육] 사암침법학회 2021 온라인 강의,2021년 12월 20일(월) ~ 2021년 12월 31일(금),[],60000,61a46d01bc6341002347a97c,5ea40b671a3ca36b967849ad,전문서적
533,[학생] 사암침법학회 2021 온라인 강의,2021년 12월 20일(월) ~ 2021년 12월 31일(금),[],15000,61a46d08bc6341002347a97d,5ea40b671a3ca36b967849ad,전문서적
534,[보수교육] 척추신경추나의학회 2021 온라인 보수교육,2021년 12월 20일(월) ~ 2021년 12월 31일(금),[],42000,61a46d09bc6341002347a97e,5ea40b671a3ca36b967849ad,전문서적
535,[보수교육] 대한한의영상학회 2021 온라인 보수교육,"2021년 12월 13일(월) ~ 2022년 2월 6일(일), 총 4차 진행",[],252000,61a5e4b7fdda720023bcbb31,5ea40b671a3ca36b967849ad,전문서적
536,[보수교육] 대한희귀난치질환학회 2021 온라인 보수교육,"2021년 12월 13(월) ~ 2022년 2월 20일(일), 총 5차 진행",[],315000,61a5e4b8fdda720023bcbb32,5ea40b671a3ca36b967849ad,전문서적
537,조경하원장님의 최소자극도침 온라인 총론,,[],99000,61a6d7e6fdda720023bcbd99,5ea40b671a3ca36b967849ad,전문서적
538,한의사 정신건강 월례회 9차 강의,"12월 13일(월)까지, 코로나19 상황에서의 정신 건강",[],100,61a8781ffdda720023bcc3d8,5ea40b671a3ca36b967849ad,전문서적
539,[보수교육] 대한한의통증제형학회 2021 온라인 보수교육,2021년 12월 20일(월) ~ 2021년 12월 27일(월),[],60000,61a9dda9fdda720023bcc8c7,5ea40b671a3ca36b967849ad,전문서적
540,[학생] 대한한의통증제형학회 2021 온라인 보수교육,2021년 12월 20일(월) ~ 2021년 12월 27일(월),[],10000,61a9ddabfdda720023bcc8c8,5ea40b671a3ca36b967849ad,전문서적
541,[보수교육] 척추도인안교학회 2021 하반기 온라인 학술대회,2021년 12월 13일(월) ~ 2021년 12월 31일(금),[],60000,61a9ddaefdda720023bcc8ca,5ea40b671a3ca36b967849ad,전문서적
542,[보수교육] 2021년 대한약침학회 온라인 보수교육(12월),2021년 12월 13일(월) ~ 2021년 12월 27일(월),[],60000,61aeeb85fdda720023bcd42b,5ea40b671a3ca36b967849ad,전문서적
543,[학생] 2021년 대한약침학회 온라인 보수교육(12월),2021년 12월 13일(월) ~ 2021년 12월 27일(월),[],40000,61aeeb87fdda720023bcd42c,5ea40b671a3ca36b967849ad,전문서적
544,대전시한의사회 한밭 명의 특강,2021년 12월 21일(화) ~ 2022년 4월 30일(토),[],300000,61b70bbc7560f900324c6d60,5ea40b671a3ca36b967849ad,전문서적
545,Dr. Pascal의 신경 내과 블록 강의(220109),"1세션 4회 강의, 총 4세션, 1/9 시작, 매주 일요일 20:30-23:00",[],1008000,61b70bbf7560f900324c6d61,5ea40b671a3ca36b967849ad,전문서적
546,한의사 정신건강 월례회 10차 강의,"1월 3일(월)까지, 한의학을 통한 정신건강, 어떻게 할 것인가?",[],100,61c281ca7560f900324c942b,5ea40b671a3ca36b967849ad,전문서적
547,Dr. pascal의 호흡기내과 블록 강의 (VOD),"다시보기 / ~2022년 1월 19일(수), 23:59까지",[],0,61c9655f7560f900324ca676,5ea40b671a3ca36b967849ad,전문서적
549,[보수교육] 2022 한방재활의학과학회 온라인 정기총회 및 학술세미나,2022년 1월 17일(월) ~ 2022년 1월 24일(월),[],90000,61d2965e7560f900324cc991,5ea40b671a3ca36b967849ad,전문서적
550,[학생] 2022 한국의사한의사복수면허자협회 온라인 학술세미나(1차),2022년 2월 7일(월) ~ 2022년 2월 21일(월),[],30000,61dd1ceb7560f900324ced7d,5ea40b671a3ca36b967849ad,전문서적
551,[보수교육] 2022 한국의사한의사복수면허자협회 온라인 학술세미나(1차) ,2022년 2월 7일(월) ~ 2022년 2월 21일(월),[],50000,61dd1d0c7560f900324ced83,5ea40b671a3ca36b967849ad,전문서적
552,임상해부학 특강: 골학 01. 척추와 늑골,5999 임상해부학 강의,[],5999,61e12e367c9ea1003fa9893d,5ea40b671a3ca36b967849ad,전문서적
553,임상해부학 특강: 골학 02. 상지,5999 임상해부학 강의,[],5999,61e12e547c9ea1003fa98943,5ea40b671a3ca36b967849ad,전문서적
554,임상해부학 특강: 골학 03. 하지,5999 임상해부학 강의,[],5999,61e12e6e7c9ea1003fa9894c,5ea40b671a3ca36b967849ad,전문서적
555,임상해부학 특강: 골학 04. 두개골,5999 임상해부학 강의,[],5999,61e12e897c9ea1003fa98954,5ea40b671a3ca36b967849ad,전문서적
556,[보수교육] 2022년 한방비만학회 온라인 정기총회 및 학술대회,"2022년 3월 2일(수), 10:00 ~ 2022년 3월 10일(목), 23:59",[],77000,61fcf0dd0088a50032f5f3a2,5ea40b671a3ca36b967849ad,전문서적
557,[학생] 2022 한방비만학회 온라인 정기총회 및 학술대회,"2022년 3월 2일(수), 10:00 ~ 2022년 3월 10일(목), 23:59",[],33000,61fcf13c0088a50032f5f3af,5ea40b671a3ca36b967849ad,전문서적
558,Dr. pascal의 신경내과 블록 강의 (VOD),녹화본 영상 다시보기 서비스,[],0,6200b75e0088a50032f5fb39,5ea40b671a3ca36b967849ad,전문서적
559,[보수교육] 2022년 대한약침학회 온라인 보수교육(2월),2022년 2월 21일(월) ~ 2022년 3월 7일(월),[],60000,6204a9e919e291002362cebf,5ea40b671a3ca36b967849ad,전문서적
560,[학생] 2022년 대한약침학회 온라인 보수교육(2월),2022년 2월 21일(월) ~ 2022년 3월 7일(월),[],40000,6204aa2d19e291002362cecc,5ea40b671a3ca36b967849ad,전문서적
561,[보수교육] 대한미병의학회 2022 춘계 학술세미나,2022년 3월 18일(금) ~ 2022년 3월 27일(일),[],50000,620b3c4b19e291002362debc,5ea40b671a3ca36b967849ad,전문서적
562,[학생] 대한미병의학회 2022 춘계 학술세미나,2022년 3월 18일(금) ~ 2022년 3월 27일(일),[],20000,620b3c6e19e291002362dec6,5ea40b671a3ca36b967849ad,전문서적
563,[보수교육] 대한침구의학회 2022 춘계 학술대회,2022년 3월 25일(금) ~ 2022년 3월 31일(목),[],100000,62132991d41623002392e8ad,5ea40b671a3ca36b967849ad,전문서적
564,한의학정신건강센터 2021 월례회 VOD,,[],19900,62147602d41623002392edc7,5ea40b671a3ca36b967849ad,전문서적
565,신민섭 교수님의 Bone Marrow MRI 특강,,[],10000,62172f47d41623002392f992,5ea40b671a3ca36b967849ad,전문서적
566,[보수교육] 대한중풍·순환신경학회 2022년 봄 연수강좌,2022년 4월 11일(월) ~ 2022년 4월 24일(일),[],40000,621f19f8407c980024b653a0,5ea40b671a3ca36b967849ad,전문서적
567,[학생] 대한중풍·순환신경학회 2022년 봄 연수강좌,2022년 4월 11일(월) ~ 2022년 4월 24일(일),[],20000,621f1a0f407c980024b653a6,5ea40b671a3ca36b967849ad,전문서적
568,[보수교육] 척추신경추나의학회 2022 온라인 중앙세미나,2022년 3월 28일(월) ~ 2022년 4월 10일(일),[],49000,6220529ef967570023fa7d45,5ea40b671a3ca36b967849ad,전문서적
569,대한한의영상학회_근골격계 Xray,,[],320000,6220532bf967570023fa7d51,5ea40b671a3ca36b967849ad,전문서적
570,[묶음 강의] 근골격계 Xray & 근골격계 MRI,,[],683000,6220537ef967570023fa7d66,5ea40b671a3ca36b967849ad,전문서적
571,대한희귀난치질환학회_근골격계 약침의학,,[],400000,622053baf967570023fa7d7c,5ea40b671a3ca36b967849ad,전문서적
572,[묶음 강의] 근골격계 약침의학 & 말초신경 약침의학,,[],697000,62205435f967570023fa7d90,5ea40b671a3ca36b967849ad,전문서적
573,[보수교육] 대한동의생리학회 온라인 보수교육,2022년 4월 26일(화) ~ 2022년 5월 3일(화),[],43000,62206961f967570023fa7e7b,5ea40b671a3ca36b967849ad,전문서적
574,[보수교육] 2022년 한방부인과학회 춘계 학술대회,2022년 4월 13일(수) ~ 2022년 4월 20일(수),[],55000,62270712f967570023faa1bf,5ea40b671a3ca36b967849ad,전문서적
575,[2022전국한의학학술대회] 스포츠손상의 치료전략,,[],0,62281c6bf967570023faae17,5ea40b671a3ca36b967849ad,전문서적
576,[2022전국한의학학술대회] 사상체질맥,,[],0,62282c6df967570023faae9f,5ea40b671a3ca36b967849ad,전문서적
577,[2022전국한의학학술대회] 핵심칠정척도 단축형,,[],0,62282c9ef967570023faaeaf,5ea40b671a3ca36b967849ad,전문서적
578,"김종수, 변상현의 근골격계 핵심 정리 - 허리편",,[],99000,62303e5ef967570023fae0b7,5ea40b671a3ca36b967849ad,전문서적
579,[보수교육] 2022년 대한약침학회 온라인 보수교육(3월),2022년 3월 21일(월) ~ 2022년 4월 4일(월),[],60000,6232913df967570023faed91,5ea40b671a3ca36b967849ad,전문서적
580,[학생] 2022년 대한약침학회 온라인 보수교육(3월),2022년 3월 21일(월) ~ 2022년 4월 4일(월),[],40000,62329150f967570023faed9a,5ea40b671a3ca36b967849ad,전문서적
581,[보수교육] 한방척추관절학회 2022년 춘계학술대회,척추질환의 침도요법,[],66000,623c0f066f766b0024669162,5ea40b671a3ca36b967849ad,전문서적
582,[학생] 한방척추관절학회 2022년 춘계학술대회,척추질환의 침도요법,[],11000,623c0f256f766b002466916d,5ea40b671a3ca36b967849ad,전문서적
583,[보수교육] 2022년 대한한방내과학회 춘계 학술대회,,[],40000,623d77426f766b0024669852,5ea40b671a3ca36b967849ad,전문서적
584,[학생] 2022년 대한한방내과학회 춘계 학술대회,,[],20000,623d77686f766b002466985b,5ea40b671a3ca36b967849ad,전문서적
585,2022년 한의사 정신건강 월례회 1차 강의,2022년 4월 4일(월) ~ 2022년 4월 11일(월),[],100,6243f8466f766b002466ae8f,5ea40b671a3ca36b967849ad,전문서적
586,[보수교육] 대한두피탈모학회 2022년 춘계 보수교육,2022년 4월 29일(금) ~ 2022년 5월 13일(금),[],40000,624553826f766b002466b693,5ea40b671a3ca36b967849ad,전문서적
587,[학생] 대한두피탈모학회 2022년 춘계 보수교육,2022년 4월 29일(금) ~ 2022년 5월 13일(금),[],10000,624553996f766b002466b69c,5ea40b671a3ca36b967849ad,전문서적
588,[보수교육] 2022년 대한한방신경정신과학회 춘계 학술대회,2022년 4월 30일(토) ~ 2022년 5월 6일(금),[],60000,624555866f766b002466b6ba,5ea40b671a3ca36b967849ad,전문서적
589,[학생] 2022년 대한한방신경정신과학회 춘계 학술대회,2022년 4월 30일(토) ~ 2022년 5월 6일(금),[],20000,6245559e6f766b002466b6c7,5ea40b671a3ca36b967849ad,전문서적
590,[보수교육] 대한한방안이비인후피부과학회 2022년 춘계 학술대회,2022년 5월 2일(월) ~ 2022년 5월 9일(월),[],50000,624556e76f766b002466b6f6,5ea40b671a3ca36b967849ad,전문서적
591,[학생] 대한한방안이비인후피부과학회 2022년 춘계 학술대회,2022년 5월 2일(월) ~ 2022년 5월 9일(월),[],20000,624557026f766b002466b6fd,5ea40b671a3ca36b967849ad,전문서적
592,[보수교육] 2022년 대한약침학회 온라인 보수교육(4월),2022년 4월 18일(월) ~ 2022년 5월 2일(월),[],80000,624be38fd6b3320023ddc2b5,5ea40b671a3ca36b967849ad,전문서적
593,[학생] 2022년 대한약침학회 온라인 보수교육(4월),2022년 4월 18일(월) ~ 2022년 5월 2일(월),[],40000,624be3a4d6b3320023ddc2be,5ea40b671a3ca36b967849ad,전문서적
594,신민섭 교수님의 Bone Marrow MRI 특강 VOD,MRI 심화 과정 (Spine MRI 증례),[],15000,624e9b06d6b3320023ddcee2,5ea40b671a3ca36b967849ad,전문서적
595,[보수교육] 2022년 대한암한의학회 온라인 춘계 학술대회,,[],60000,625655f7cb28e6002469ddfe,5ea40b671a3ca36b967849ad,전문서적
596,[학생] 2022년 대한암한의학회 온라인 춘계 학술대회,,[],10000,62565623cb28e6002469de07,5ea40b671a3ca36b967849ad,전문서적
597,송민정 변리사의 한의원과 상표권,,[],20000,62567b25cb28e6002469df30,5ea40b671a3ca36b967849ad,전문서적
598,[보수교육] 척추신경추나의학회 2022년 5월 온라인 중앙세미나,2022년 5월 30일(월) ~ 2022년 6월 12일(일),[],70000,625fb6008d9a7c0022eb46a6,5ea40b671a3ca36b967849ad,전문서적
599,통합뇌질환학회 제3차 학술집담회,"2022년 5월 12일(목), 17:00~18:00 / ZOOM 라이브 강의 ",[],10000,625fc9b9c8443e0023d5db39,5ea40b671a3ca36b967849ad,전문서적
600,이감초의 쉽게 그리는 드로잉 클래스,,[],23000,62663646c1ca560032c7b2ee,5ea40b671a3ca36b967849ad,일반
601,2022년 한의사 정신건강 월례회 2차 강의,2022년 5월 2일(월) ~ 2022년 5월 9일(월),[],100,6269fbc8e1579900234bd1bc,5ea40b671a3ca36b967849ad,전문서적
602,"상가 임대차 계약, '아는 것이 힘이다' VOD",,[],15000,6271deb9ff5b0f00261ecc65,5ea40b671a3ca36b967849ad,전문서적
603,건강기능식품은 어떻게 만들까?,,[],69000,62721813ff5b0f00261ece5c,5ea40b671a3ca36b967849ad,일반
604,[보수교육] 2022년 대한약침학회 온라인 보수교육(5월),2022년 5월 16일(월) ~ 2022년 5월 30일(월),[],60000,627a03639d938800240628cb,5ea40b671a3ca36b967849ad,전문서적
605,[학생] 2022년 대한약침학회 온라인 보수교육(5월),2022년 5월 16일(월) ~ 2022년 5월 30일(월),[],40000,627a037a9d938800240628d4,5ea40b671a3ca36b967849ad,전문서적
606,신민섭 교수님의 The Other Causes of Spinal Canal Stenosis 특강,,[],10000,6281be0f9d938800240640e6,5ea40b671a3ca36b967849ad,전문서적
607,[제32기 전졸협] 국시특강 간계내과학,[제32기 전졸협] 국시특강,[],0,62821ca79d93880024064505,5ea40b671a3ca36b967849ad,교육
608,[제32기 전졸협] 국시특강 심계내과학,[제32기 전졸협] 국시특강,[],0,62821cd49d9388002406450e,5ea40b671a3ca36b967849ad,교육
609,[제32기 전졸협] 국시특강 비계내과학,[제32기 전졸협] 국시특강,[],0,62821d029d93880024064516,5ea40b671a3ca36b967849ad,교육
610,[제32기 전졸협] 국시특강 폐계내과학,[제32기 전졸협] 국시특강,[],0,62821d249d93880024064523,5ea40b671a3ca36b967849ad,교육
611,[제32기 전졸협] 국시특강 신계내과학,[제32기 전졸협] 국시특강,[],0,62821d459d9388002406452b,5ea40b671a3ca36b967849ad,교육
612,[제32기 전졸협] 국시특강 상한론,[제32기 전졸협] 국시특강,[],0,62821d649d93880024064536,5ea40b671a3ca36b967849ad,교육
613,[제32기 전졸협] 국시특강 사상의학,[제32기 전졸협] 국시특강,[],0,62821d849d93880024064542,5ea40b671a3ca36b967849ad,교육
614,[제32기 전졸협] 국시특강 침구학,[제32기 전졸협] 국시특강,[],0,62821da29d9388002406454f,5ea40b671a3ca36b967849ad,교육
615,[제32기 전졸협] 국시특강 보건의약관계법규,[제32기 전졸협] 국시특강,[],0,62821dca9d9388002406455a,5ea40b671a3ca36b967849ad,교육
616,[제32기 전졸협] 국시특강 외과학,[제32기 전졸협] 국시특강,[],0,62821de79d9388002406456b,5ea40b671a3ca36b967849ad,교육
617,[제32기 전졸협] 국시특강 신경정신과학,[제32기 전졸협] 국시특강,[],0,62821e079d93880024064575,5ea40b671a3ca36b967849ad,교육
618,[제32기 전졸협] 국시특강 안이비인후과학,[제32기 전졸협] 국시특강,[],0,62821e2b9d93880024064584,5ea40b671a3ca36b967849ad,교육
619,[제32기 전졸협] 국시특강 부인과학,[제32기 전졸협] 국시특강,[],0,62821e519d93880024064590,5ea40b671a3ca36b967849ad,교육
620,[제32기 전졸협] 국시특강 소아과학,[제32기 전졸협] 국시특강,[],0,62821e709d93880024064599,5ea40b671a3ca36b967849ad,교육
621,[제32기 전졸협] 국시특강 예방의학,[제32기 전졸협] 국시특강,[],0,62821e919d938800240645a7,5ea40b671a3ca36b967849ad,교육
622,[제32기 전졸협] 국시특강 한방생리학,[제32기 전졸협] 국시특강,[],0,62821eb09d938800240645b1,5ea40b671a3ca36b967849ad,교육
623,[제32기 전졸협] 국시특강 본초학,[제32기 전졸협] 국시특강,[],0,62821ecf9d938800240645b9,5ea40b671a3ca36b967849ad,교육
624,2022년 한의사 정신건강 월례회 3차 강의,2022년 5월 30일(월) ~ 2022년 6월 6일(월),[],100,62832dad9d93880024064a13,5ea40b671a3ca36b967849ad,전문서적
625,[제32기 전졸협] 국시특강 내과학특강,[제32기 전졸협] 국시특강,[],0,6283681f9d93880024064c04,5ea40b671a3ca36b967849ad,교육
626,[제32기 전졸협] 국시특강 한방생리학특강,[제32기 전졸협] 국시특강,[],0,6283689f9d93880024064c19,5ea40b671a3ca36b967849ad,교육
627,[제32기 전졸협] 국시특강 비계내과학특강,[제32기 전졸협] 국시특강,[],0,628369169d93880024064c25,5ea40b671a3ca36b967849ad,교육
628,2022 어르신 한의약 건강증진 사업 온라인 교육,,[],0,628f01529d9388002406f3c5,5ea40b671a3ca36b967849ad,전문서적
629,[보수교육] 2022 한방재활의학과학회 춘계 학술세미나,2022년 6월 20일(월) ~ 2022년 6월 26일(일),[],90000,62987e5c9d93880024071bbb,5ea40b671a3ca36b967849ad,전문서적
630,[보수교육] 2022년 사상체질의학회 제1회 월례학술집담회,"2022년 6월 18일(토), 18:00~21:00",[],0,629db4c79d938800240727ae,5ea40b671a3ca36b967849ad,전문서적
631,[보수교육] 2022년 대한약침학회 온라인 보수교육(6월),2022년 6월 20일(월) ~ 2022년 7월 4일(월),[],60000,629ffcc39d93880024072f6d,5ea40b671a3ca36b967849ad,전문서적
632,[학생] 2022년 대한약침학회 온라인 보수교육(6월),2022년 6월 20일(월) ~ 2022년 7월 4일(월),[],40000,629ffce49d93880024072f78,5ea40b671a3ca36b967849ad,전문서적
633,[제32기 전졸협] 국시특강 간계내과학특강,[제32기 전졸협] 국시특강,[],0,62a032229d938800240731b1,5ea40b671a3ca36b967849ad,교육
634,[제32기 전졸협] 국시특강 심계내과학특강,[제32기 전졸협] 국시특강,[],0,62a032369d938800240731b6,5ea40b671a3ca36b967849ad,교육
635,[제32기 전졸협] 국시특강 폐계내과학특강,[제32기 전졸협] 국시특강,[],0,62a032499d938800240731bc,5ea40b671a3ca36b967849ad,교육
636,[제32기 전졸협] 국시특강 신계내과학특강,[제32기 전졸협] 국시특강,[],0,62a0325d9d938800240731c1,5ea40b671a3ca36b967849ad,교육
637,신민섭 교수님의 The Other Causes of Spinal Canal Stenosis 특강 VOD,MRI 심화 과정 (척추협착 질환 증례),[],15000,62a6f1a108e04900234de38e,5ea40b671a3ca36b967849ad,전문서적
638,[보수교육] 2022 한방재활의학과학회 춘계 학술세미나(2),2022년 6월 27일(월) ~ 2022년 7월 3일(일),[],90000,62b9b41608e04900234e2bb7,5ea40b671a3ca36b967849ad,전문서적
639,[제32기 전졸협] 국시특강 상한론특강,[제32기 전졸협] 국시특강,[],0,62bbbced08e04900234e34c3,5ea40b671a3ca36b967849ad,교육
640,[제32기 전졸협] 국시특강 사상의학특강,[제32기 전졸협] 국시특강,[],0,62bbbd0908e04900234e34c8,5ea40b671a3ca36b967849ad,교육
641,[제32기 전졸협] 국시특강 침구학특강,[제32기 전졸협] 국시특강,[],0,62bbbd2108e04900234e34cd,5ea40b671a3ca36b967849ad,교육
642,2022년 한의사 정신건강 월례회 4차 강의,2022년 7월 4일(월) ~ 2022년 7월 11일(월),[],100,62be622c08e04900234e59b6,5ea40b671a3ca36b967849ad,전문서적
643,어쩌다 유학,두 한의사의 미국 유학 도전기,[],10000,62be7cbe08e04900234e5a7c,5ea40b671a3ca36b967849ad,전문서적
644,<도전! 베스트 강의> R 프로그래밍 기초: 논문 리뷰어를 감동시키는 데이터 시각화,,[],33000,62bea72608e04900234e5b65,5ea40b671a3ca36b967849ad,전문서적
645,<도전! 베스트 강의> 만성통증환자 응대 공략집,,[],49500,62beab4c08e04900234e5b83,5ea40b671a3ca36b967849ad,기타
646,<도전! 베스트 강의> 의료인이라면 반드시 알아야 할 다이어트 특강,,[],66000,62bead2f08e04900234e5ba5,5ea40b671a3ca36b967849ad,기타
647,"<도전! 베스트 강의> - 한의 당뇨치료, 지금 바로 시작해야 하는 이유",,[],49500,62beaeb608e04900234e5bbe,5ea40b671a3ca36b967849ad,기타
648,도전! 베스트 강의 - R 프로그래밍 기초: 논문 리뷰어를 감동시키는 데이터 시각화,,[],33000,62bec78b08e04900234e5c52,5ea40b671a3ca36b967849ad,전문서적
649,<도전! 베스트 강의> 한포자를 위한 기초 한의학 이론 강의,,[],44000,62c2c69314ab000023704012,5ea40b671a3ca36b967849ad,기타
650,<도전! 베스트 강의> 모발 검사와 자연 요법의 이해,,[],66000,62c4e4c6c853940022f199ca,5ea40b671a3ca36b967849ad,기타
651,<도전! 베스트 강의> 전문의가 알려주는 한방 피부과,,[],49500,62c4e636c853940022f199cf,5ea40b671a3ca36b967849ad,기타
652,<도전! 베스트 강의> 평범한 한의사의 요즘 한약 공부법,,[],49500,62c51a5fc853940022f19ae9,5ea40b671a3ca36b967849ad,기타
653,<도전! 베스트 강의> 올인원 패키지,,[],99000,62c69af1b99f01002300ab86,5ea40b671a3ca36b967849ad,기타
654,2022년 사상체질의학회 제1회 월례학술집담회 녹화본 강의, ~ 2022년 8월 19일(금)까지 수강 가능합니다.,[],15000,62ccdf443fc97a002bec8287,5ea40b671a3ca36b967849ad,전문서적
655,Dr. Pascal의 기초 의학 블록 강의(220807),"총 4세션(1세션 4회 강의), 8/7(일) 시작, 매주 일요일 20:30-23:30",[],1080000,62ccfa973fc97a002bec8372,5ea40b671a3ca36b967849ad,전문서적
656,Dr. Pascal 소화기 내과 블록 강의(220810),"총 3세션, 총 14회 강의, 8/10(수) 시작, 매주 수요일 20:30-23:30",[],997500,62ccfd2c3fc97a002bec838c,5ea40b671a3ca36b967849ad,전문서적
657,진료와 한의원 운영의 필수 의료법,"15,000개 한방병의원을 위한 실전 의료법 강의",[],88000,62ce87ba3fc97a002bec8b61,5ea40b671a3ca36b967849ad,전문서적
658,[보수교육] 2022년 사상체질의학회 제2회 월례학술집담회,"2022년 8월 20일(토), 18:00~21:00",[],0,62d6447553948a0022899a7f,5ea40b671a3ca36b967849ad,전문서적
659,[제32기 전졸협] 국시특강 외과학특강,[제32기 전졸협] 국시특강,[],0,62d7b34353948a002289a2e5,5ea40b671a3ca36b967849ad,교육
660,[제32기 전졸협] 국시특강 신경정신과학특강,[제32기 전졸협] 국시특강,[],0,62d7b35753948a002289a2ea,5ea40b671a3ca36b967849ad,교육
661,[제32기 전졸협] 국시특강 안이비인후과학특강,[제32기 전졸협] 국시특강,[],0,62d7b36b53948a002289a2ef,5ea40b671a3ca36b967849ad,교육
662,[제32기 전졸협] 국시특강 부인과학특강,[제32기 전졸협] 국시특강,[],0,62d7b37f53948a002289a2f4,5ea40b671a3ca36b967849ad,교육
663,2022년 한의사 정신건강 월례회 5차 강의,2022년 8월 1일(월) ~ 2022년 8월 8일(월),[],100,62e09ff6119967002389c82c,5ea40b671a3ca36b967849ad,전문서적
664,정세연 원장의 유튜브 클래스,60만 구독 한의사 유튜버가 되는 법,[],198000,62e75cd3119967002389e779,5ea40b671a3ca36b967849ad,일반
665,최유경의 혈액검사의 임상활용,"혈액검사, 이것만은 알고 가자",[],44000,62e75ce8119967002389e784,5ea40b671a3ca36b967849ad,전문서적
666,신민섭 교수님의 Knee Meniscus 특강,,[],10000,62e9d60ca3d1d800230591d3,5ea40b671a3ca36b967849ad,전문서적
667,[제32기 전졸협] 국시특강 예방의학특강,[제32기 전졸협] 국시특강,[],0,62f5fb260b5b9e002b2de566,5ea40b671a3ca36b967849ad,교육
668,[제32기 전졸협] 국시특강 본초학특강,[제32기 전졸협] 국시특강,[],0,62f5fb390b5b9e002b2de56b,5ea40b671a3ca36b967849ad,교육
669,2022년 사상체질의학회 제1회 월례학술집담회 녹화본 강의(2), ~ 2022년 9월 19일(월)까지 수강 가능합니다.,[],15000,6303293e58e1680033a57b60,5ea40b671a3ca36b967849ad,전문서적
670,[보수교육] 대한두피탈모학회 2022년 추계 보수교육,2022년 9월 30일(금) ~ 2022년 10월 14일(금),[],40000,630c410968554000236d9425,5ea40b671a3ca36b967849ad,전문서적
671,[학생] 대한두피탈모학회 2022년 추계 보수교육,2022년 9월 30일(금) ~ 2022년 10월 14일(금),[],10000,630c411f68554000236d942f,5ea40b671a3ca36b967849ad,전문서적
672,신민섭 교수님의 Knee Meniscus 특강 VOD,MRI 심화 과정 (무릎 질환 증례),[],15000,630c413868554000236d9434,5ea40b671a3ca36b967849ad,전문서적
673,[보수교육] 2022년 사상체질의학회 제3회 월례학술집담회,"2022년 10월 15일(토), 18:00~21:00",[],0,630c415468554000236d9437,5ea40b671a3ca36b967849ad,전문서적
674,2022년 사상체질의학회 제2회 월례학술집담회 녹화본 강의(1), ~ 2022년 10월 19일(수)까지 수강 가능합니다.,[],15000,630c416f68554000236d943b,5ea40b671a3ca36b967849ad,전문서적
675,2022년 사상체질의학회 제2회 월례학술집담회 녹화본 강의(2), ~ 2022년 11월 19일(토)까지 수강 가능합니다.,[],15000,630c418168554000236d9442,5ea40b671a3ca36b967849ad,전문서적
676,맘 편하게 한약 처방하기,,[],330000,630d5ce568554000236d9a5d,5ea40b671a3ca36b967849ad,전문서적
677,[보수 교육] 2022년 대한상한금궤의학회 추계 학술대회,"2022년 10월 4일(화), 10:00 ~ 2022년 10월 11일(화), 23:59",[],60000,630da73e68554000236d9e47,5ea40b671a3ca36b967849ad,전문서적
678,[학생] 2022년 대한상한금궤의학회 추계 학술대회,"2022년 10월 4일(화), 10:00 ~ 2022년 10월 11일(화), 23:59",[],40000,630da75668554000236d9e52,5ea40b671a3ca36b967849ad,전문서적
679,[보수교육] 2022년도 대한한방내과학회 가을 학술대회,"2022.10.23(일)/코엑스 컨퍼런스룸(남)  301호, 304호, 305호",[],0,631077d3974f2b0022f865e8,5ea40b671a3ca36b967849ad,전문서적
680,[보수교육] 2022년 대한약침학회 온라인 보수교육(9월),2022년 9월 24일(토) / ZOOM 라이브 강의,[],60000,6311aa2fc640eb0021af7998,5ea40b671a3ca36b967849ad,전문서적
681,[학생] 2022년 대한약침학회 온라인 보수교육(9월),9.24(금) 줌강의 & 9.26(월)~10.8(토) 녹화본 강의,[],40000,6319a90b6c2e37002369df90,5ea40b671a3ca36b967849ad,전문서적
682,"근골격계 진단, 검진 원포인트 레슨: 허리편",치료의 시작은 정확한 진단입니다.,[],150000,5d97e4360dabe405b156ddb4,602f886d527223001a20995b,전문서적
683,[멤버스] 매출세션 7기,월 매출 평균 80% 상승,[],3300000,602f609d527223001a2098c0,602f886d527223001a20995b,경영
684,[멤버스] 매출세션 8기,월 매출 평균 80% 상승,[],3300000,602f609f527223001a2098c1,602f886d527223001a20995b,경영
685,"임상의를 위한 쉽고 안전한 도침 강의 (2, 3기 특별 강의)","2, 3기 특별 강연입니다",[],526000,60375bb5643a8a0019f2b0d0,602f886d527223001a20995b,전문서적
686,임상의를 위한 쉽고 안전한 도침 강의 4기,"21.03.14 (일), 03.28 (일), 04.04 (일) 오후 1시~5시 진행",[],789000,60378f01643a8a0019f2b1e5,602f886d527223001a20995b,전문서적
687,[멤버스] 매출세션 6기 (2차),월 매출 평균 80% 상승,[],3300000,6046146040a8110019ddaa7a,602f886d527223001a20995b,경영
688,임상의를 위한 쉽고 안전한 도침 강의 5기,5기 강의입니다,[],789000,60599d210ccc56001bc7975a,602f886d527223001a20995b,전문서적
689,골타 유홍석의 실전 추나 4기,"04/24, 05/01 (토) 오후 6시 ~ 10시 (총 8시간 실습강의)",[],352000,606c1dd40ccc56001bc7ab46,602f886d527223001a20995b,전문서적
690,임상의를 위한 쉽고 안전한 도침 강의 6기,"21년 05월 09일(일), 05월 16일(일), 05월 30일(일) 오후 1시-5시 (총 3세션)",[],789000,607e7916c1908b001a63ed1a,602f886d527223001a20995b,전문서적
691,골타요법 강의 4기,21년 05월 16 (일) 시작. 총 28시간 실습강의,[],1540000,6087b3da0ccc56001bc7c4f6,602f886d527223001a20995b,전문서적
692,임상의를 위한 쉽고 안전한 도침 강의 7기,7기 강의입니다,[],789000,609a2f420ccc56001bc7dae3,602f886d527223001a20995b,전문서적
693,임상의를 위한 쉽고 안전한 도침 강의 8기,8기 강의입니다,[],789000,60acae4dc1908b001a649472,602f886d527223001a20995b,전문서적
694,[멤버스] 매출세션 7기 (후반기),월 매출 평균 80% 상승,[],3300000,60accc08c1908b001a6494c8,602f886d527223001a20995b,경영
695,[멤버스] 매출세션 8기 (후반기),월 매출 평균 80% 상승,[],3300000,60accc0a0ccc56001bc7ed74,602f886d527223001a20995b,경영
696,[멤버스] 경영세션 9기 (전반기),월 매출 평균 80% 상승,[],3300000,60b6e1e2c1908b001a64a28f,602f886d527223001a20995b,경영
697,골타 유홍석의 실전 추나 5기,"7/3, 7/10 (토) 오후 6시 ~ 10시 (총 8시간 실습강의)",[],352000,60c98c1309c63a06ed143f89,602f886d527223001a20995b,전문서적
698,골타 유홍석의 실전 추나 6기,"8/21, 8/28 (토) 오후 6시 ~ 10시 (총 8시간 실습강의)",[],352000,60e28ae009c63a06ed145d98,602f886d527223001a20995b,전문서적
699,골타요법 강의 5기,"21년 9월 5(일) 시작, 총 28시간 실습강의",[],1540000,610cd9bed26af90681b1e829,602f886d527223001a20995b,전문서적
700,Dr. pascal의 호흡기내과 블록 강의 (210831),"1세션 4회 강의, 총 3세션, 9/26 시작, 매주 일요일 20:30-23:00",[],840000,612ddee63b4626001a055198,602f886d527223001a20995b,전문서적
701,[멤버스] 경영세션 9기 (후반기),월 매출 평균 80% 상승,[],3300000,615a84aa4cf9a5002287d736,602f886d527223001a20995b,경영
702,골타 유홍석의 실전 추나 7기,"10/23(토) & 10/30(토), 오후 6시 ~ 10시 (총 8시간 실습강의)",[],352000,615a8a064cf9a5002287d744,602f886d527223001a20995b,전문서적
703,골타요법 강의 6기,"21년 11월 7(일) 시작, 총 28시간 실습강의",[],1540000,615a8a074cf9a5002287d745,602f886d527223001a20995b,전문서적
704,[멤버스] 경영세션 10기 (전반기),월 매출 평균 80% 상승,[],3300000,615ea6d84cf9a5002287e546,602f886d527223001a20995b,경영
705,[멤버스] 경영세션 10기 (후반기),월 매출 평균 80% 상승,[],3300000,6180c687bc6341002347306c,602f886d527223001a20995b,경영
706,[멤버스] 경영세션 Exclusive 01기 (전반기),실질적인 매출변화를 목표합니다,[],3850000,6180c8cbbc6341002347309a,602f886d527223001a20995b,경영
707,[멤버스] 경영세션 Exclusive 01기 (후반기),실질적인 매출변화를 목표합니다,[],3850000,6180c9c8bc634100234730a4,602f886d527223001a20995b,경영
708,[멤버스] 경영세션 Exclusive 01기 (전후반기 통합),실질적인 매출변화를 목표합니다,[],7700000,6180c9f3bc634100234730a8,602f886d527223001a20995b,경영
709,임상의를 위한 쉽고 안전한 도침 강의 9기,"21년 11월 27일 (토), 12월 4일 (토) 오후 5시~9시 (총 2세션)",[],598000,61837825bc63410023473edd,602f886d527223001a20995b,전문서적
710,임상의를 위한 쉽고 안전한 도침 강의 10기,"21년 11월 28일 (일), 12월 5일 (일) 오후 1시~5시 (총 2세션)",[],598000,61837827bc63410023473ede,602f886d527223001a20995b,전문서적
711,[멤버스] 경영세션 11기 (전반기),월 매출 평균 80% 상승,[],3300000,61c946da7560f900324ca564,602f886d527223001a20995b,경영
712,[멤버스] 경영세션 11기 (후반기),월 매출 평균 80% 상승,[],3300000,61c947017560f900324ca568,602f886d527223001a20995b,경영
713,골타 유홍석의 실전 추나 8기,"2022.1.15(토) & 1.22(토), 오후 6시 ~ 10시 (총 8시간 실습강의)",[],352000,61c94d577560f900324ca583,602f886d527223001a20995b,전문서적
714,골타요법 강의 7기,2022. 2.6(일)/ 2.13(일)/ 2.20(일)/ 2.27일(일)  실습강의,[],1540000,61c94d887560f900324ca586,602f886d527223001a20995b,전문서적
715,골타 유홍석의 실전 추나 9기,"2022.3.19(토) & 4.2(토), 오후 6시 ~ 10시 (총 8시간 실습강의)",[],352000,622067f4f967570023fa7e6e,602f886d527223001a20995b,전문서적
716,임상의를 위한 쉽고 안전한 도침 강의 11기,"22.4.16(토),23(토) 오후 4시~8시 (총 2회)",[],598000,622efa13f967570023fad79d,602f886d527223001a20995b,전문서적
717,임상의를 위한 쉽고 안전한 도침 강의 12기,"22.4.17(일),24(일) 오후 1시~5시 (총 2회)",[],598000,622f0aa9f967570023fad8dd,602f886d527223001a20995b,전문서적
718,[멤버스] 경영세션 12기 (전반기),월 매출 평균 80% 상승,[],3300000,6241948f6f766b002466a440,602f886d527223001a20995b,경영
719,[멤버스] 경영세션 12기 (후반기),월 매출 평균 80% 상승,[],3300000,624194ad6f766b002466a444,602f886d527223001a20995b,경영
720,골타요법 강의 8기,"22년 4월 17(일), 24(일), 5월 1(일), 8(일) 실습강의",[],1540000,6242bd696f766b002466a8ea,602f886d527223001a20995b,전문서적
721,2022년 통합뇌질환학회 파킨슨병 연수강좌 ,오프라인 강의 / 2022년 5월 21일(토) ~ 2022년 5월 22일(일),[],250000,625e41c10d1b510022676b44,602f886d527223001a20995b,전문서적
722,미용 매선과 피부 부스터 시술(이론강의),,[],154000,62722e6eff5b0f00261ecf50,602f886d527223001a20995b,전문서적
723,골타 유홍석의 실전 추나 10기,"2022.6.4(토)/6.18(토), 오후 6시 ~ 10시(총 8시간 실습강의)",[],352000,627de80f9d93880024063a5f,602f886d527223001a20995b,전문서적
724,골타요법 강의 9기,"22년 6월 12(일), 19(일), 26(일), 7월 3(일),  실습강의",[],1540000,627e1eb59d93880024063c35,602f886d527223001a20995b,전문서적
725,미용 매선과 피부 부스터 시술 심화 실습 강의_1기,,[],550000,629581329d93880024070d06,602f886d527223001a20995b,전문서적
726,캐나다 카이로프락터 David Camillis 카이로프락틱 세미나 ,오프라인 강의/ 6.11(토) & 6.12(일),[],400000,629821899d93880024071900,602f886d527223001a20995b,전문서적
727,임상의를 위한 쉽고 안전한 도침 강의 13기,22.7.16(토) & 23(토) 오후 4시~8시 ,[],598000,62a02e6f9d93880024073177,602f886d527223001a20995b,전문서적
728,임상의를 위한 쉽고 안전한 도침 강의 14기,"22. 7.17(일), 24(일) 오후 1시~5시 ",[],598000,62a02fe99d93880024073194,602f886d527223001a20995b,전문서적
729,미용 매선과 피부 부스터 시술(이론강의)_2기,,[],154000,62a2a9b008e04900234dd79e,602f886d527223001a20995b,전문서적
730,미용 매선과 피부 부스터 시술 심화 실습 강의_2기,,[],550000,62a2aa6d08e04900234dd7a4,602f886d527223001a20995b,전문서적
731,[멤버스] 경영세션 EXCLUSIVE 02기 (전반기),실질적인 매출변화를 목표합니다,[],3850000,62ba63ca08e04900234e2ed6,602f886d527223001a20995b,경영
732,[멤버스] 경영세션 EXCLUSIVE 02기 (후반기),실질적인 매출변화를 목표합니다,[],3850000,62ba63e308e04900234e2edb,602f886d527223001a20995b,경영
733,[멤버스] 경영세션 EXCLUSIVE 02기 (전후반기 통합),실질적인 매출변화를 목표합니다,[],7700000,62ba63f008e04900234e2edf,602f886d527223001a20995b,경영
734,[멤버스] 경영세션 EXCLUSIVE 03기 (전반기),실질적인 매출변화를 목표합니다,[],3850000,62c939aeb99f01002300b4ab,602f886d527223001a20995b,경영
735,[멤버스] 경영세션 EXCLUSIVE 03기 (후반기),실질적인 매출변화를 목표합니다,[],3850000,62c939c5b99f01002300b4af,602f886d527223001a20995b,경영
736,[멤버스] 경영세션 EXCLUSIVE 03기 (전후반기 통합),실질적인 매출변화를 목표합니다,[],7700000,62c939dcb99f01002300b4b3,602f886d527223001a20995b,경영
737,골타 유홍석의 실전 추나 11기,22.8.6(토) & 8.20(토) 오후 6시 ~ 10시(총 8시간 실습강의),[],352000,62ccc7d33fc97a002bec818c,602f886d527223001a20995b,전문서적
738,골타요법 강의 10기,"8월28일, 9월04일, 18일, 25일,  실습강의",[],1540000,62ce7fe43fc97a002bec8b08,602f886d527223001a20995b,전문서적
739,[멤버스] 경영세션 13기,한의원 성장 프로그램,[],7700000,62dfc95a119967002389c50a,602f886d527223001a20995b,전문서적
740,[멤버스] 경영세션 13기 (후반기),월 매출 평균 80% 상승,[],3300000,62dfc971119967002389c50e,602f886d527223001a20995b,경영
741,임상의를 위한 쉽고 안전한 도침 강의 15기,"22. 9.17(토), 24(토) 오후 4시~8시 ",[],598000,62e1e442119967002389d0cc,602f886d527223001a20995b,전문서적
742,임상의를 위한 쉽고 안전한 도침 강의 16기,"22. 9.18(일), 25(일) 오후 1시~5시 ",[],598000,62e1e58f119967002389d10b,602f886d527223001a20995b,전문서적
743,매선과 한방 미용 시술 이론과 실습,,[],860000,62f0acf7a670760022a3e72e,602f886d527223001a20995b,전문서적
744,요추-골반-고관절 복합체의 평가 및 추나치료,,[],363000,62f5dcdf0b5b9e002b2de4cf,602f886d527223001a20995b,전문서적
745,미용 매선과 피부 부스터 시술 심화 실습 강의_3기,,[],780000,630c3ff668554000236d9419,602f886d527223001a20995b,전문서적
746,매선강의 준비물,,[],269000,630ec908974f2b0022f857ba,602f886d527223001a20995b,기타
